7,0,1,102,12234,0.81,125.93
7,0,2,102,15003,0.93,109.68
7,0,3,105,14557,0.87,120.69
7,0,4,102,14068,0.92,110.87
7,0,5,31,12629,0.9,34.44
7,0,6,101,15171,0.91,110.99
7,0,7,102,17762,1.08,94.44
7,0,8,101,12605,0.85,118.82
7,0,9,52,10034,0.76,68.42
7,0,10,27,10315,0.78,34.62
7,0,11,101,14523,0.91,110.99
7,0,12,101,14503,0.89,113.48
7,0,13,102,15451,0.94,108.51
7,0,14,103,17083,1.02,100.98
7,0,15,101,15625,0.96,105.21
7,0,16,101,15142,0.97,104.12
7,0,17,101,14291,0.84,120.24
7,0,18,105,13247,0.83,126.51
7,0,19,105,13247,0.84,125.0
7,0,20,101,15757,0.94,107.45
7,0,21,102,12880,0.84,121.43
7,0,22,102,12880,0.84,121.43
7,0,23,101,13688,0.84,120.24
7,0,24,101,12997,0.81,124.69
7,0,25,102,15203,0.96,106.25
7,0,26,101,14737,0.87,116.09
7,0,27,101,14923,0.93,108.6
7,0,28,101,15429,0.95,106.32
7,0,29,101,14592,0.92,109.78
7,0,30,101,15466,0.99,102.02
7,0,31,28,9914,0.74,37.84
7,0,32,103,15541,0.95,108.42
7,0,33,101,15684,0.93,108.6
7,0,34,101,14240,0.9,112.22
7,0,35,101,14918,0.92,109.78
7,0,36,101,17068,1.04,97.12
7,0,37,101,14751,0.92,109.78
7,0,38,101,13512,0.86,117.44
7,0,39,102,13163,0.81,125.93
7,0,40,101,13473,0.81,124.69
7,0,41,102,16667,0.97,105.15
7,0,42,34,10485,0.81,41.98
7,0,43,101,15618,0.97,104.12
7,0,44,102,15029,0.95,107.37
7,0,45,101,13888,0.92,109.78
7,0,46,103,13590,0.85,121.18
7,0,47,101,14631,0.93,108.6
7,0,48,105,14799,0.89,117.98
7,0,49,101,14213,0.92,109.78
7,0,50,102,17732,1.06,96.23
7,0,51,1,1658,0.13,7.69
7,0,52,39,10639,0.78,50.0
7,0,53,39,10639,0.78,50.0
7,0,54,103,13403,0.82,125.61
7,0,55,102,15293,0.97,105.15
7,0,56,102,17142,1.02,100.0
7,0,57,101,15166,0.92,109.78
7,0,58,102,14223,0.92,110.87
7,0,59,101,12834,0.85,118.82
7,0,60,101,12156,0.79,127.85
7,0,61,101,12156,0.8,126.25
7,0,62,102,16388,0.99,103.03
7,0,63,101,13555,0.86,117.44
7,0,64,102,16285,0.97,105.15
7,0,65,101,16111,1.0,101.0
7,0,66,101,13828,0.86,117.44
7,0,67,104,16238,0.99,105.05
7,0,68,103,16321,0.96,107.29
7,0,69,101,13019,0.83,121.69
7,0,70,101,12584,0.83,121.69
7,0,71,101,12466,0.83,121.69
7,0,72,103,15363,0.92,111.96
7,0,73,102,12661,0.81,125.93
7,0,74,31,9599,0.75,41.33
7,0,75,101,15449,0.93,108.6
7,0,76,105,13938,0.88,119.32
7,0,77,101,13043,0.83,121.69
7,0,78,101,13494,0.83,121.69
7,0,79,104,16033,0.97,107.22
7,0,80,103,13906,0.84,122.62
7,0,81,103,12199,0.79,130.38
7,0,82,24,10422,0.83,28.92
7,0,83,24,10422,0.82,29.27
7,0,84,103,13321,0.81,127.16
7,0,85,105,15029,0.94,111.7
7,0,86,101,12151,0.82,123.17
7,0,87,101,14794,0.91,110.99
7,0,88,103,14233,0.87,118.39
7,0,89,101,13816,0.81,124.69
7,0,90,103,14022,0.88,117.05
7,0,91,36,9163,0.7,51.43
7,0,92,101,12665,0.8,126.25
7,0,93,101,14401,0.92,109.78
7,0,94,102,14678,0.95,107.37
7,0,95,48,10873,0.74,64.86
7,0,96,101,12756,0.82,123.17
7,0,97,102,14948,0.92,110.87
7,0,98,102,12136,0.74,137.84
7,0,99,101,15496,0.95,106.32
7,0,100,53,9215,0.7,75.71
7,1,1,101,15062,0.94,107.45
7,1,2,36,9283,0.75,48.0
7,1,3,101,14250,0.87,116.09
7,1,4,101,14262,0.91,110.99
7,1,5,105,16454,0.98,107.14
7,1,6,101,12322,0.83,121.69
7,1,7,102,12597,0.84,121.43
7,1,8,102,13714,0.89,114.61
7,1,9,22,9645,0.78,28.21
7,1,10,102,15515,0.99,103.03
7,1,11,102,13830,0.88,115.91
7,1,12,101,13201,0.85,118.82
7,1,13,101,12021,0.78,129.49
7,1,14,103,15004,0.95,108.42
7,1,15,101,17476,1.05,96.19
7,1,16,103,12879,0.85,121.18
7,1,17,103,15387,0.93,110.75
7,1,18,101,14448,0.95,106.32
7,1,19,103,13574,0.87,118.39
7,1,20,104,15983,0.96,108.33
7,1,21,102,14285,0.88,115.91
7,1,22,50,10546,0.79,63.29
7,1,23,101,13044,0.83,121.69
7,1,24,103,14792,0.95,108.42
7,1,25,104,14485,0.92,113.04
7,1,26,102,13633,0.86,118.6
7,1,27,103,13852,0.89,115.73
7,1,28,103,16875,1.05,98.1
7,1,29,101,15713,0.97,104.12
7,1,30,101,14783,0.93,108.6
7,1,31,104,14674,0.93,111.83
7,1,32,103,15217,0.95,108.42
7,1,33,102,12608,0.82,124.39
7,1,34,102,12674,0.83,122.89
7,1,35,102,13886,0.94,108.51
7,1,36,101,14171,0.9,112.22
7,1,37,103,11767,0.79,130.38
7,1,38,104,14255,0.88,118.18
7,1,39,101,13928,0.92,109.78
7,1,40,101,15158,0.97,104.12
7,1,41,108,11881,0.75,144.0
7,1,42,101,12832,0.84,120.24
7,1,43,103,16462,0.99,104.04
7,1,44,102,12433,0.83,122.89
7,1,45,101,12127,0.81,124.69
7,1,46,101,17683,1.11,90.99
7,1,47,102,15419,0.96,106.25
7,1,48,83,14457,0.89,93.26
7,1,49,102,13991,0.86,118.6
7,1,50,103,15480,0.96,107.29
7,1,51,102,16650,1.0,102.0
7,1,52,103,13562,0.85,121.18
7,1,53,103,13562,0.85,121.18
7,1,54,14,8430,0.7,20.0
7,1,55,102,15593,1.0,102.0
7,1,56,101,13256,0.9,112.22
7,1,57,101,13507,0.86,117.44
7,1,58,102,12386,0.81,125.93
7,1,59,101,14588,0.91,110.99
7,1,60,68,11263,0.78,87.18
7,1,61,104,15833,0.99,105.05
7,1,62,104,14846,0.9,115.56
7,1,63,83,9988,0.7,118.57
7,1,64,101,14969,0.96,105.21
7,1,65,75,11216,0.76,98.68
7,1,66,101,17841,1.06,95.28
7,1,67,101,13995,0.87,116.09
7,1,68,102,12363,0.84,121.43
7,1,69,102,15250,0.99,103.03
7,1,70,101,14528,0.93,108.6
7,1,71,65,10383,0.75,86.67
7,1,72,101,12936,0.83,121.69
7,1,73,108,13784,0.87,124.14
7,1,74,102,15030,0.95,107.37
7,1,75,101,12275,0.82,123.17
7,1,76,101,13090,0.84,120.24
7,1,77,101,14159,0.92,109.78
7,1,78,104,14696,0.96,108.33
7,1,79,102,13992,0.87,117.24
7,1,80,102,14132,0.87,117.24
7,1,81,101,11474,0.78,129.49
7,1,82,103,13391,0.86,119.77
7,1,83,101,14268,0.93,108.6
7,1,84,101,15996,0.97,104.12
7,1,85,101,13300,0.87,116.09
7,1,86,101,12927,0.84,120.24
7,1,87,103,14170,0.94,109.57
7,1,88,41,11150,0.79,51.9
7,1,89,103,11400,0.78,132.05
7,1,90,101,13960,0.9,112.22
7,1,91,101,14113,0.9,112.22
7,1,92,101,13637,0.89,113.48
7,1,93,104,13650,0.9,115.56
7,1,94,102,13883,0.86,118.6
7,1,95,102,15110,0.93,109.68
7,1,96,101,13202,0.86,117.44
7,1,97,105,15406,0.95,110.53
7,1,98,102,13317,0.85,120.0
7,1,99,101,14658,0.96,105.21
7,1,100,101,12708,0.85,118.82
7,2,1,102,14707,0.92,110.87
7,2,2,102,14684,0.93,109.68
7,2,3,101,12380,0.8,126.25
7,2,4,102,15787,0.97,105.15
7,2,5,101,13413,0.88,114.77
7,2,6,101,12860,0.83,121.69
7,2,7,101,13747,0.87,116.09
7,2,8,101,12999,0.81,124.69
7,2,9,101,10611,0.71,142.25
7,2,10,80,11346,0.75,106.67
7,2,11,101,13168,0.83,121.69
7,2,12,101,11784,0.82,123.17
7,2,13,101,13459,0.87,116.09
7,2,14,102,13285,0.88,115.91
7,2,15,102,13052,0.96,106.25
7,2,16,101,15398,0.95,106.32
7,2,17,101,13499,0.85,118.82
7,2,18,104,16683,1.03,100.97
7,2,19,101,14982,0.93,108.6
7,2,20,103,13126,0.84,122.62
7,2,21,101,17542,1.14,88.6
7,2,22,101,16566,0.98,103.06
7,2,23,101,15421,0.97,104.12
7,2,24,104,12319,0.82,126.83
7,2,25,102,12780,0.82,124.39
7,2,26,101,13684,0.89,113.48
7,2,27,31,9791,0.76,40.79
7,2,28,101,12884,0.81,124.69
7,2,29,103,13463,0.84,122.62
7,2,30,104,13601,0.84,123.81
7,2,31,101,13738,0.83,121.69
7,2,32,102,11321,0.76,134.21
7,2,33,101,13016,0.88,114.77
7,2,34,103,12948,0.84,122.62
7,2,35,101,14759,0.94,107.45
7,2,36,102,13199,0.83,122.89
7,2,37,101,13245,0.82,123.17
7,2,38,101,15326,0.92,109.78
7,2,39,101,16107,0.98,103.06
7,2,40,102,14907,0.96,106.25
7,2,41,100,13794,0.87,114.94
7,2,42,103,13215,0.81,127.16
7,2,43,102,13970,0.86,118.6
7,2,44,102,16252,1.01,100.99
7,2,45,101,14074,0.9,112.22
7,2,46,102,14450,0.89,114.61
7,2,47,104,14064,0.87,119.54
7,2,48,101,14002,0.94,107.45
7,2,49,101,13844,0.86,117.44
7,2,50,101,12568,0.83,121.69
7,2,51,101,15540,0.97,104.12
7,2,52,103,13246,0.91,113.19
7,2,53,101,14287,0.85,118.82
7,2,54,81,12078,0.78,103.85
7,2,55,104,12655,0.77,135.06
7,2,56,102,16093,0.98,104.08
7,2,57,101,15919,0.96,105.21
7,2,58,101,13630,0.86,117.44
7,2,59,105,12669,0.82,128.05
7,2,60,104,13693,0.89,116.85
7,2,61,104,13668,0.9,115.56
7,2,62,101,14668,0.87,116.09
7,2,63,101,12448,0.83,121.69
7,2,64,101,15041,0.97,104.12
7,2,65,102,13746,0.86,118.6
7,2,66,103,16320,0.99,104.04
7,2,67,101,13295,0.83,121.69
7,2,68,104,13746,0.84,123.81
7,2,69,101,12745,0.88,114.77
7,2,70,102,15008,0.95,107.37
7,2,71,102,14063,0.93,109.68
7,2,72,101,14918,0.93,108.6
7,2,73,44,12254,0.88,50.0
7,2,74,105,13818,0.94,111.7
7,2,75,103,14667,1.0,103.0
7,2,76,101,15386,0.97,104.12
7,2,77,101,13038,0.88,114.77
7,2,78,102,16035,1.06,96.23
7,2,79,101,14110,0.93,108.6
7,2,80,101,15954,0.98,103.06
7,2,81,103,14189,0.88,117.05
7,2,82,101,12742,0.82,123.17
7,2,83,101,14027,0.87,116.09
7,2,84,85,15382,0.94,90.43
7,2,85,101,14148,0.9,112.22
7,2,86,102,15302,0.94,108.51
7,2,87,101,14782,0.97,104.12
7,2,88,104,15241,0.93,111.83
7,2,89,103,15701,0.99,104.04
7,2,90,101,12475,0.83,121.69
7,2,91,102,13572,0.82,124.39
7,2,92,101,12792,0.81,124.69
7,2,93,16,7500,0.67,23.88
7,2,94,102,14448,0.91,112.09
7,2,95,102,13279,0.83,122.89
7,2,96,102,14380,0.93,109.68
7,2,97,103,16439,0.98,105.1
7,2,98,101,13699,0.83,121.69
7,2,99,88,12893,0.86,102.33
7,2,100,102,13347,0.84,121.43
7,3,1,101,14398,0.88,114.77
7,3,2,104,16801,1.01,102.97
7,3,3,102,13654,0.89,114.61
7,3,4,104,16223,0.98,106.12
7,3,5,101,14362,0.92,109.78
7,3,6,101,13420,0.92,109.78
7,3,7,102,16476,1.04,98.08
7,3,8,102,13864,0.88,115.91
7,3,9,101,13706,0.88,114.77
7,3,10,101,15351,0.98,103.06
7,3,11,102,12280,0.82,124.39
7,3,12,101,11861,0.81,124.69
7,3,13,102,14577,0.92,110.87
7,3,14,103,12240,0.83,124.1
7,3,15,101,14490,0.88,114.77
7,3,16,103,13166,0.86,119.77
7,3,17,102,15294,0.95,107.37
7,3,18,101,14811,0.93,108.6
7,3,19,101,14769,0.94,107.45
7,3,20,101,15609,1.04,97.12
7,3,21,101,15327,0.97,104.12
7,3,22,101,11250,0.79,127.85
7,3,23,101,13002,0.83,121.69
7,3,24,101,14167,0.87,116.09
7,3,25,102,13211,0.85,120.0
7,3,26,101,15111,0.94,107.45
7,3,27,104,15772,0.97,107.22
7,3,28,101,14010,0.89,113.48
7,3,29,103,15681,1.03,100.0
7,3,30,101,14387,1.0,101.0
7,3,31,105,15148,0.97,108.25
7,3,32,102,13685,0.83,122.89
7,3,33,104,13105,0.84,123.81
7,3,34,101,11999,0.8,126.25
7,3,35,101,12168,0.83,121.69
7,3,36,101,13843,0.84,120.24
7,3,37,101,14774,0.92,109.78
7,3,38,23,9709,0.79,29.11
7,3,39,103,15525,0.96,107.29
7,3,40,46,11944,0.82,56.1
7,3,41,101,15253,0.97,104.12
7,3,42,105,17440,1.02,102.94
7,3,43,101,16100,0.98,103.06
7,3,44,102,14367,0.9,113.33
7,3,45,93,15235,0.93,100.0
7,3,46,101,15958,0.98,103.06
7,3,47,102,13313,0.89,114.61
7,3,48,102,15451,0.96,106.25
7,3,49,104,12482,0.82,126.83
7,3,50,101,13616,0.9,112.22
7,3,51,104,13511,0.84,123.81
7,3,52,102,12450,0.81,125.93
7,3,53,103,13873,0.87,118.39
7,3,54,103,13118,0.84,122.62
7,3,55,102,12432,0.84,121.43
7,3,56,103,15235,0.93,110.75
7,3,57,102,12764,0.84,121.43
7,3,58,105,13268,0.86,122.09
7,3,59,101,15321,0.97,104.12
7,3,60,70,13474,0.86,81.4
7,3,61,101,15314,0.95,106.32
7,3,62,107,15137,0.95,112.63
7,3,63,102,12014,0.8,127.5
7,3,64,102,13238,0.85,120.0
7,3,65,102,13962,0.93,109.68
7,3,66,101,14884,0.94,107.45
7,3,67,36,11166,0.8,45.0
7,3,68,101,13696,0.88,114.77
7,3,69,102,14143,0.89,114.61
7,3,70,101,13118,0.84,120.24
7,3,71,103,13745,0.88,117.05
7,3,72,102,11782,0.79,129.11
7,3,73,101,14738,0.92,109.78
7,3,74,101,13652,0.9,112.22
7,3,75,102,12373,0.82,124.39
7,3,76,101,15070,0.93,108.6
7,3,77,102,14269,0.91,112.09
7,3,78,101,11458,0.78,129.49
7,3,79,101,12760,0.84,120.24
7,3,80,104,11912,0.76,136.84
7,3,81,101,12109,0.81,124.69
7,3,82,102,14495,0.88,115.91
7,3,83,102,12759,0.83,122.89
7,3,84,102,13859,0.9,113.33
7,3,85,101,13618,0.86,117.44
7,3,86,103,13578,0.83,124.1
7,3,87,103,13578,0.83,124.1
7,3,88,104,14644,0.91,114.29
7,3,89,101,14901,0.94,107.45
7,3,90,101,13062,0.85,118.82
7,3,91,85,12849,0.84,101.19
7,3,92,103,17935,1.09,94.5
7,3,93,102,12952,0.82,124.39
7,3,94,103,13439,0.9,114.44
7,3,95,102,17049,0.97,105.15
7,3,96,101,12274,0.8,126.25
7,3,97,101,13482,0.85,118.82
7,3,98,102,15800,1.02,100.0
7,3,99,101,12843,0.84,120.24
7,3,100,101,13787,0.9,112.22
8,0,1,104,24302,4.38,23.74
8,0,2,108,26440,4.55,23.74
8,0,3,106,27658,4.54,23.35
8,0,4,107,23594,4.66,22.96
8,0,5,114,22345,4.42,25.79
8,0,6,105,19696,4.3,24.42
8,0,7,111,28269,5.09,21.81
8,0,8,109,24846,4.85,22.47
8,0,9,66,21591,2.41,27.39
8,0,10,105,25671,5.19,20.23
8,0,11,105,20970,4.57,22.98
8,0,12,103,21859,4.65,22.15
8,0,13,104,23662,4.94,21.05
8,0,14,107,24692,5.23,20.46
8,0,15,106,23967,5.12,20.7
8,0,16,103,24997,5.56,18.53
8,0,17,103,22786,5.43,18.97
8,0,18,106,22066,5.35,19.81
8,0,19,108,22029,4.8,22.5
8,0,20,110,22318,4.87,22.59
8,0,21,103,22979,4.99,20.64
8,0,22,108,21943,4.82,22.41
8,0,23,108,26459,5.0,21.6
8,0,24,110,25731,5.11,21.53
8,0,25,108,25398,4.99,21.64
8,0,26,107,21328,4.7,22.77
8,0,27,107,24981,5.09,21.02
8,0,28,106,22289,4.86,21.81
8,0,29,108,25612,5.15,20.97
8,0,30,103,24913,5.02,20.52
8,0,31,107,23179,4.88,21.93
8,0,32,106,22156,4.8,22.08
8,0,33,107,26509,5.11,20.94
8,0,34,103,27773,5.35,19.25
8,0,35,103,19419,4.52,22.79
8,0,36,105,21898,4.77,22.01
8,0,37,106,22940,4.84,21.9
8,0,38,103,23504,5.0,20.6
8,0,39,105,23515,4.85,21.65
8,0,40,108,23688,4.89,22.09
8,0,41,109,25562,5.1,21.37
8,0,42,106,20972,4.69,22.6
8,0,43,103,20834,4.76,21.64
8,0,44,106,27544,5.23,20.27
8,0,45,103,23981,4.97,20.72
8,0,46,107,24670,4.95,21.62
8,0,47,103,26032,5.13,20.08
8,0,48,107,23896,5.01,21.36
8,0,49,108,21483,4.77,22.64
8,0,50,105,21010,4.74,22.15
8,0,51,105,23172,4.98,21.08
8,0,52,106,22192,4.79,22.13
8,0,53,106,25833,5.02,21.12
8,0,54,110,22790,4.81,22.87
8,0,55,104,21611,4.75,21.89
8,0,56,106,20164,4.61,22.99
8,0,57,111,27448,5.21,21.31
8,0,58,103,25082,5.04,20.44
8,0,59,104,21336,4.72,22.03
8,0,60,103,23039,4.75,21.68
8,0,61,108,24252,4.95,21.82
8,0,62,110,21989,4.67,23.55
8,0,63,108,25826,4.97,21.73
8,0,64,106,21191,4.64,22.84
8,0,65,105,23586,4.94,21.26
8,0,66,104,27182,5.13,20.27
8,0,67,103,23256,4.8,21.46
8,0,68,107,22248,4.79,22.34
8,0,69,104,26578,5.14,20.23
8,0,70,105,25516,5.19,20.23
8,0,71,106,23271,4.94,21.46
8,0,72,109,21940,4.81,22.66
8,0,73,105,29732,5.36,19.59
8,0,74,106,22539,4.89,21.68
8,0,75,105,25960,5.05,20.79
8,0,76,107,27735,5.04,21.23
8,0,77,104,26937,5.17,20.12
8,0,78,106,26679,5.13,20.66
8,0,79,106,23834,4.98,21.29
8,0,80,107,26011,5.06,21.15
8,0,81,109,24460,5.01,21.76
8,0,82,103,24441,5.05,20.4
8,0,83,104,22874,4.78,21.76
8,0,84,104,23170,5.03,20.68
8,0,85,104,25919,5.25,19.81
8,0,86,103,28010,5.14,20.04
8,0,87,108,25034,5.01,21.56
8,0,88,109,24695,5.14,21.21
8,0,89,103,21842,4.83,21.33
8,0,90,106,26719,5.21,20.35
8,0,91,108,25181,4.94,21.86
8,0,92,107,27189,5.24,20.42
8,0,93,103,26504,5.27,19.54
8,0,94,106,25697,5.07,20.91
8,0,95,104,21131,4.72,22.03
8,0,96,109,22505,4.84,22.52
8,0,97,111,19526,4.54,24.45
8,0,98,108,25636,4.95,21.82
8,0,99,108,22906,4.82,22.41
8,0,100,109,28121,5.26,20.72
8,1,1,802,78268,12.61,63.6
8,1,2,898,84528,13.06,68.76
8,1,3,714,76904,13.12,54.42
8,1,4,217,33998,7.28,29.81
8,1,5,886,82664,12.21,72.56
8,1,6,867,82530,12.28,70.6
8,1,7,697,82300,12.48,55.85
8,1,8,732,81150,12.29,59.56
8,1,9,805,84864,12.34,65.24
8,1,10,792,89334,12.33,64.23
8,1,11,776,81498,12.39,62.63
8,1,12,776,83059,12.17,63.76
8,1,13,684,80655,12.23,55.93
8,1,14,951,88081,12.22,77.82
8,1,15,804,80073,12.26,65.58
8,1,16,639,73823,12.24,52.21
8,1,17,742,84274,12.24,60.62
8,1,18,635,76470,12.22,51.96
8,1,19,948,88380,12.35,76.76
8,1,20,917,86112,12.22,75.04
8,1,21,755,88655,12.22,61.78
8,1,22,843,84224,12.02,70.13
8,1,23,733,76730,12.31,59.55
8,1,24,1095,92913,12.4,88.31
8,1,25,696,78119,12.21,57.0
8,1,26,741,83345,12.45,59.52
8,1,27,880,88201,12.26,71.78
8,1,28,870,83001,12.46,69.82
8,1,29,810,87864,12.26,66.07
8,1,30,947,83401,12.22,77.5
8,1,31,690,77109,12.48,55.29
8,1,32,795,81546,12.4,64.11
8,1,33,703,82370,12.49,56.29
8,1,34,868,89113,12.41,69.94
8,1,35,795,86389,12.43,63.96
8,1,36,858,85092,12.28,69.87
8,1,37,785,83301,12.1,64.88
8,1,38,753,80342,11.8,63.81
8,1,39,918,86369,11.87,77.34
8,1,40,891,89914,11.79,75.57
8,1,41,869,83650,11.83,73.46
8,1,42,1158,94615,11.82,97.97
8,1,43,736,82470,11.81,62.32
8,1,44,813,83262,11.78,69.02
8,1,45,955,94365,11.95,79.92
8,1,46,827,81281,11.86,69.73
8,1,47,829,86812,11.78,70.37
8,1,48,876,84092,11.79,74.3
8,1,49,867,82539,11.87,73.04
8,1,50,928,86684,11.85,78.31
8,1,51,618,76872,11.83,52.24
8,1,52,978,89106,11.94,81.91
8,1,53,827,79465,11.79,70.14
8,1,54,741,80773,11.81,62.74
8,1,55,828,83451,11.68,70.89
8,1,56,764,83054,11.8,64.75
8,1,57,1060,95439,11.92,88.93
8,1,58,926,84356,12.02,77.04
8,1,59,859,82485,11.92,72.06
8,1,60,829,85221,11.89,69.72
8,1,61,773,82916,11.97,64.58
8,1,62,978,88602,12.27,79.71
8,1,63,851,86265,12.21,69.7
8,1,64,879,84532,12.03,73.07
8,1,65,998,81590,11.9,83.87
8,1,66,667,76884,11.79,56.57
8,1,67,630,77576,11.8,53.39
8,1,68,867,84593,11.9,72.86
8,1,69,842,83247,11.76,71.6
8,1,70,904,85218,11.76,76.87
8,1,71,1146,89564,11.79,97.2
8,1,72,672,75995,11.85,56.71
8,1,73,786,83712,11.91,65.99
8,1,74,706,79710,11.71,60.29
8,1,75,802,83253,11.72,68.43
8,1,76,803,81240,11.76,68.28
8,1,77,963,84539,11.68,82.45
8,1,78,695,80448,11.72,59.3
8,1,79,935,88282,11.73,79.71
8,1,80,910,86611,11.78,77.25
8,1,81,694,79720,11.79,58.86
8,1,82,710,76787,11.59,61.26
8,1,83,898,89312,11.85,75.78
8,1,84,797,85957,11.98,66.53
8,1,85,746,79993,11.73,63.6
8,1,86,777,80399,11.8,65.85
8,1,87,911,88289,11.82,77.07
8,1,88,807,81477,11.74,68.74
8,1,89,828,83463,11.63,71.2
8,1,90,807,79574,11.75,68.68
8,1,91,1088,90123,11.78,92.36
8,1,92,853,84687,11.7,72.91
8,1,93,758,85547,11.79,64.29
8,1,94,984,83841,11.73,83.89
8,1,95,617,78656,11.96,51.59
8,1,96,894,86279,11.7,76.41
8,1,97,612,81508,11.77,52.0
8,1,98,922,90015,11.99,76.9
8,1,99,917,87022,11.78,77.84
8,1,100,896,88164,11.87,75.48
8,2,1,521,58747,9.51,54.78
8,2,2,504,58416,9.37,53.79
8,2,3,379,51908,9.52,39.81
8,2,4,647,59022,9.5,68.11
8,2,5,521,56760,9.53,54.67
8,2,6,433,53739,9.43,45.92
8,2,7,421,51273,9.4,44.79
8,2,8,447,54143,9.58,46.66
8,2,9,378,51924,9.35,40.43
8,2,10,447,55931,9.46,47.25
8,2,11,407,53707,9.44,43.11
8,2,12,587,57107,9.5,61.79
8,2,13,711,60813,9.47,75.08
8,2,14,502,55808,9.38,53.52
8,2,15,481,55994,9.5,50.63
8,2,16,534,56149,9.54,55.97
8,2,17,495,57393,9.47,52.27
8,2,18,469,56104,9.26,50.65
8,2,19,434,55185,9.45,45.93
8,2,20,497,58010,9.44,52.65
8,2,21,483,53070,9.93,48.64
8,2,22,437,57160,9.39,46.54
8,2,23,405,53867,9.3,43.55
8,2,24,551,60683,9.55,57.7
8,2,25,534,56714,9.55,55.92
8,2,26,441,57524,9.45,46.67
8,2,27,475,55255,9.46,50.21
8,2,28,407,53047,9.5,42.84
8,2,29,410,53397,9.43,43.48
8,2,30,526,56838,9.54,55.14
8,2,31,500,55387,9.53,52.47
8,2,32,426,51281,9.41,45.27
8,2,33,290,48983,9.46,30.66
8,2,34,554,54643,9.48,58.44
8,2,35,538,57858,9.57,56.22
8,2,36,492,53821,9.51,51.74
8,2,37,444,54041,9.57,46.39
8,2,38,653,65593,9.42,69.32
8,2,39,578,58181,9.45,61.16
8,2,40,503,55386,9.38,53.62
8,2,41,431,53572,9.49,45.42
8,2,42,423,52503,9.46,44.71
8,2,43,443,54820,9.53,46.48
8,2,44,493,55921,9.6,51.35
8,2,45,593,58640,9.65,61.45
8,2,46,433,51901,9.48,45.68
8,2,47,552,56797,9.5,58.11
8,2,48,591,60223,9.56,61.82
8,2,49,448,57268,9.47,47.31
8,2,50,523,59686,9.59,54.54
8,2,51,459,56485,9.52,48.21
8,2,52,459,55488,9.54,48.11
8,2,53,598,56766,9.44,63.35
8,2,54,511,54895,9.51,53.73
8,2,55,518,57805,9.49,54.58
8,2,56,447,54237,9.49,47.1
8,2,57,459,56445,9.58,47.91
8,2,58,517,58708,9.66,53.52
8,2,59,484,53981,9.63,50.26
8,2,60,604,60652,9.71,62.2
8,2,61,441,53239,9.56,46.13
8,2,62,510,55987,9.42,54.14
8,2,63,530,55373,9.47,55.97
8,2,64,523,59020,9.37,55.82
8,2,65,602,59582,9.39,64.11
8,2,66,565,58395,9.63,58.67
8,2,67,478,57979,9.46,50.53
8,2,68,373,54432,9.64,38.69
8,2,69,407,55211,9.56,42.57
8,2,70,444,54972,9.42,47.13
8,2,71,469,55687,9.4,49.89
8,2,72,552,58843,9.42,58.6
8,2,73,414,56080,9.46,43.76
8,2,74,367,51668,9.61,38.19
8,2,75,460,55740,9.43,48.78
8,2,76,383,51778,9.44,40.57
8,2,77,494,57194,9.58,51.57
8,2,78,308,49756,9.48,32.49
8,2,79,490,52840,9.68,50.62
8,2,80,436,54109,9.45,46.14
8,2,81,411,51233,9.4,43.72
8,2,82,616,57406,9.41,65.46
8,2,83,456,52782,9.51,47.95
8,2,84,439,54222,9.59,45.78
8,2,85,564,60965,9.45,59.68
8,2,86,494,53155,9.55,51.73
8,2,87,506,58081,9.37,54.0
8,2,88,411,53661,9.49,43.31
8,2,89,445,52393,9.43,47.19
8,2,90,504,56775,9.39,53.67
8,2,91,400,51742,9.6,41.67
8,2,92,532,56682,9.46,56.24
8,2,93,518,59074,9.51,54.47
8,2,94,480,54641,9.4,51.06
8,2,95,502,54758,9.4,53.4
8,2,96,436,53670,9.55,45.65
8,2,97,499,55258,9.37,53.26
8,2,98,472,53874,9.37,50.37
8,2,99,451,52898,9.4,47.98
8,2,100,628,58346,9.37,67.02
8,3,1,1241,120506,16.47,75.35
8,3,2,1207,116456,16.71,72.23
8,3,3,1137,119283,16.41,69.29
8,3,4,1439,124767,16.43,87.58
8,3,5,1184,127039,16.49,71.8
8,3,6,1252,123605,16.39,76.39
8,3,7,1487,129459,16.55,89.85
8,3,8,1423,126205,16.51,86.19
8,3,9,1047,116853,16.37,63.96
8,3,10,1295,121812,16.25,79.69
8,3,11,1207,120673,16.2,74.51
8,3,12,1236,123133,16.49,74.95
8,3,13,1263,127545,16.26,77.68
8,3,14,1330,119409,16.39,81.15
8,3,15,1454,132352,16.48,88.23
8,3,16,1472,131733,16.52,89.1
8,3,17,1363,126131,16.37,83.26
8,3,18,1401,128009,16.77,83.54
8,3,19,1424,133901,16.57,85.94
8,3,20,1643,130068,16.61,98.92
8,3,21,1541,126229,16.56,93.06
8,3,22,1323,120996,16.47,80.33
8,3,23,1066,119501,16.42,64.92
8,3,24,1364,125735,16.52,82.57
8,3,25,1428,128273,16.58,86.13
8,3,26,1497,132889,16.87,88.74
8,3,27,1694,137704,16.84,100.59
8,3,28,1438,129802,16.53,86.99
8,3,29,1236,125279,16.56,74.64
8,3,30,934,109697,16.3,57.3
8,3,31,1537,134678,16.59,92.65
8,3,32,1223,123087,16.42,74.48
8,3,33,1214,121627,16.68,72.78
8,3,34,1215,127954,16.89,71.94
8,3,35,1159,117886,16.85,68.78
8,3,36,1315,125224,16.64,79.03
8,3,37,1295,128420,16.3,79.45
8,3,38,1367,130605,16.73,81.71
8,3,39,1298,122180,16.37,79.29
8,3,40,1260,123948,16.54,76.18
8,3,41,1368,123344,16.39,83.47
8,3,42,1464,124384,16.43,89.11
8,3,43,1303,130905,16.75,77.79
8,3,44,1022,118142,16.41,62.28
8,3,45,1214,123749,16.53,73.44
8,3,46,1324,115604,16.62,79.66
8,3,47,1259,125725,16.56,76.03
8,3,48,1258,122873,16.41,76.66
8,3,49,1427,123345,16.42,86.91
8,3,50,1291,125537,16.43,78.58
8,3,51,1313,126000,16.39,80.11
8,3,52,1327,119308,16.39,80.96
8,3,53,1300,130310,16.56,78.5
8,3,54,1252,124683,16.49,75.92
8,3,55,1079,112733,16.38,65.87
8,3,56,966,119175,16.39,58.94
8,3,57,1540,127177,16.55,93.05
8,3,58,1392,128614,16.31,85.35
8,3,59,1170,121474,15.71,74.47
8,3,60,1246,122713,15.88,78.46
8,3,61,1003,112127,15.8,63.48
8,3,62,1342,125064,15.87,84.56
8,3,63,1236,120104,15.98,77.35
8,3,64,1301,116284,15.66,83.08
8,3,65,1017,114542,15.92,63.88
8,3,66,1312,125711,15.79,83.09
8,3,67,1341,126412,15.78,84.98
8,3,68,1160,117460,15.71,73.84
8,3,69,1439,124078,15.78,91.19
8,3,70,1313,128004,15.97,82.22
8,3,71,1318,125895,15.91,82.84
8,3,72,1310,125238,15.79,82.96
8,3,73,1310,124111,16.14,81.16
8,3,74,1451,123987,16.06,90.35
8,3,75,1374,124088,15.87,86.58
8,3,76,1226,123057,16.15,75.91
8,3,77,1466,126932,15.91,92.14
8,3,78,1080,125577,16.03,67.37
8,3,79,1732,137678,16.08,107.71
8,3,80,1447,129712,15.98,90.55
8,3,81,1131,118241,15.77,71.72
8,3,82,1163,118596,15.83,73.47
8,3,83,1120,114396,15.84,70.71
8,3,84,1155,119662,15.83,72.96
8,3,85,1257,123871,15.98,78.66
8,3,86,1226,121211,15.81,77.55
8,3,87,1494,128765,15.87,94.14
8,3,88,1287,122726,15.92,80.84
8,3,89,1089,113207,16.05,67.85
8,3,90,1267,125025,16.35,77.49
8,3,91,1289,128935,16.53,77.98
8,3,92,1444,128084,16.67,86.62
8,3,93,1635,130209,16.6,98.49
8,3,94,1140,116737,16.32,69.85
8,3,95,1178,126083,16.51,71.35
8,3,96,1591,133215,16.58,95.96
8,3,97,1118,116037,16.38,68.25
8,3,98,1415,132813,16.43,86.12
8,3,99,1224,125630,16.49,74.23
8,3,100,1184,121408,16.5,71.76
8,4,1,731,72314,10.68,68.45
8,4,2,583,66756,10.72,54.38
8,4,3,663,68707,10.76,61.62
8,4,4,587,68677,10.78,54.45
8,4,5,776,75878,10.86,71.45
8,4,6,687,68194,10.76,63.85
8,4,7,769,72310,10.6,72.55
8,4,8,455,62305,10.75,42.33
8,4,9,494,64904,10.6,46.6
8,4,10,546,64095,10.67,51.17
8,4,11,574,64322,10.69,53.7
8,4,12,639,67658,10.73,59.55
8,4,13,632,68255,10.69,59.12
8,4,14,650,68876,10.79,60.24
8,4,15,675,70710,10.65,63.38
8,4,16,752,73890,10.78,69.76
8,4,17,573,65792,10.69,53.6
8,4,18,620,68253,10.67,58.11
8,4,19,649,68766,10.39,62.46
8,4,20,495,61663,10.39,47.64
8,4,21,583,64283,10.36,56.27
8,4,22,480,63934,10.27,46.74
8,4,23,676,69838,10.31,65.57
8,4,24,657,71575,10.36,63.42
8,4,25,601,70534,10.51,57.18
8,4,26,521,66986,10.48,49.71
8,4,27,495,62707,10.31,48.01
8,4,28,527,64906,10.28,51.26
8,4,29,601,69010,10.41,57.73
8,4,30,542,66193,10.38,52.22
8,4,31,472,63484,10.39,45.43
8,4,32,499,64673,10.37,48.12
8,4,33,658,72182,10.32,63.76
8,4,34,562,66586,10.42,53.93
8,4,35,770,73105,10.55,72.99
8,4,36,705,71478,10.45,67.46
8,4,37,543,63512,10.41,52.16
8,4,38,597,64161,10.28,58.07
8,4,39,665,69724,10.44,63.7
8,4,40,733,73178,10.56,69.41
8,4,41,532,62864,10.39,51.2
8,4,42,528,62410,10.49,50.33
8,4,43,614,65592,10.4,59.04
8,4,44,694,67411,10.43,66.54
8,4,45,1008,79424,10.35,97.39
8,4,46,615,69921,10.32,59.59
8,4,47,605,66752,10.31,58.68
8,4,48,474,66047,10.17,46.61
8,4,49,713,70637,10.35,68.89
8,4,50,744,70880,10.35,71.88
8,4,51,661,68904,10.38,63.68
8,4,52,720,73676,10.28,70.04
8,4,53,786,75652,10.42,75.43
8,4,54,563,64844,10.27,54.82
8,4,55,626,72224,10.51,59.56
8,4,56,612,69619,10.13,60.41
8,4,57,548,65656,10.03,54.64
8,4,58,573,68950,10.14,56.51
8,4,59,452,64474,10.18,44.4
8,4,60,512,64118,10.12,50.59
8,4,61,557,68345,10.26,54.29
8,4,62,627,71096,10.08,62.2
8,4,63,530,62766,10.03,52.84
8,4,64,534,64084,10.11,52.82
8,4,65,588,69565,10.23,57.48
8,4,66,641,66804,10.16,63.09
8,4,67,624,69787,10.06,62.03
8,4,68,602,69159,10.14,59.37
8,4,69,569,65312,10.18,55.89
8,4,70,658,69706,10.28,64.01
8,4,71,567,67103,10.2,55.59
8,4,72,516,64136,10.15,50.84
8,4,73,594,64477,10.13,58.64
8,4,74,581,62615,10.12,57.41
8,4,75,507,63833,9.92,51.11
8,4,76,698,69091,9.76,71.52
8,4,77,778,69949,9.81,79.31
8,4,78,654,66822,9.82,66.6
8,4,79,637,67971,9.8,65.0
8,4,80,693,69618,9.8,70.71
8,4,81,565,63834,9.8,57.65
8,4,82,689,73867,9.84,70.02
8,4,83,600,68895,9.9,60.61
8,4,84,507,64644,9.83,51.58
8,4,85,622,68022,9.79,63.53
8,4,86,499,67895,9.86,50.61
8,4,87,746,70717,9.86,75.66
8,4,88,557,66821,9.85,56.55
8,4,89,588,68053,9.9,59.39
8,4,90,602,67764,9.84,61.18
8,4,91,770,74549,9.86,78.09
8,4,92,615,70077,9.87,62.31
8,4,93,921,76556,9.79,94.08
8,4,94,568,66618,9.8,57.96
8,4,95,652,67924,9.77,66.73
8,4,96,484,65449,9.81,49.34
8,4,97,586,64402,9.85,59.49
8,4,98,565,66359,9.81,57.59
8,4,99,771,77993,9.84,78.35
8,4,100,597,69186,9.95,60.0
8,5,1,103,26669,2.76,37.32
8,5,2,102,23866,2.63,38.78
8,5,3,101,24948,2.75,36.73
8,5,4,106,25539,2.72,38.97
8,5,5,101,25868,2.72,37.13
8,5,6,101,22468,2.62,38.55
8,5,7,101,22179,2.54,39.76
8,5,8,101,26816,2.83,35.69
8,5,9,101,22335,2.52,40.08
8,5,10,101,26595,2.76,36.59
8,5,11,101,25290,2.59,39.0
8,5,12,101,25277,2.82,35.82
8,5,13,101,25148,2.63,38.4
8,5,14,102,27440,2.88,35.42
8,5,15,101,25293,2.77,36.46
8,5,16,102,19863,2.24,45.54
8,5,17,101,21138,2.38,42.44
8,5,18,102,24278,2.6,39.23
8,5,19,104,23799,2.54,40.94
8,5,20,101,26492,2.71,37.27
8,5,21,102,21687,2.5,40.8
8,5,22,103,26473,2.74,37.59
8,5,23,102,25035,2.63,38.78
8,5,24,101,26020,2.83,35.69
8,5,25,103,25404,2.67,38.58
8,5,26,102,21698,2.43,41.98
8,5,27,101,24949,2.73,37.0
8,5,28,101,26112,2.71,37.27
8,5,29,101,31056,3.02,33.44
8,5,30,106,22838,2.46,43.09
8,5,31,105,21881,2.33,45.06
8,5,32,101,20040,2.32,43.53
8,5,33,101,23313,2.54,39.76
8,5,34,102,22135,2.45,41.63
8,5,35,104,23776,2.54,40.94
8,5,36,101,23103,2.37,42.62
8,5,37,101,24321,2.62,38.55
8,5,38,101,26465,2.76,36.59
8,5,39,101,20962,2.18,46.33
8,5,40,103,20309,2.34,44.02
8,5,41,103,24927,2.61,39.46
8,5,42,101,26104,2.72,37.13
8,5,43,101,20467,2.35,42.98
8,5,44,103,25607,2.66,38.72
8,5,45,102,22671,2.51,40.64
8,5,46,101,21460,2.35,42.98
8,5,47,103,26011,2.74,37.59
8,5,48,104,20962,2.39,43.51
8,5,49,102,24747,2.64,38.64
8,5,50,101,20743,2.25,44.89
8,5,51,101,23005,2.41,41.91
8,5,52,101,24918,2.68,37.69
8,5,53,101,25452,2.72,37.13
8,5,54,103,22489,2.35,43.83
8,5,55,101,24257,2.61,38.7
8,5,56,101,22707,2.39,42.26
8,5,57,104,21294,2.37,43.88
8,5,58,104,22748,2.4,43.33
8,5,59,103,24095,2.59,39.77
8,5,60,101,25042,2.69,37.55
8,5,61,106,21852,2.52,42.06
8,5,62,101,23139,2.55,39.61
8,5,63,102,26822,2.68,38.06
8,5,64,103,25185,2.66,38.72
8,5,65,102,28622,2.85,35.79
8,5,66,101,25387,2.62,38.55
8,5,67,107,21255,2.35,45.53
8,5,68,102,22221,2.39,42.68
8,5,69,105,24584,2.63,39.92
8,5,70,101,24070,2.57,39.3
8,5,71,101,22161,2.43,41.56
8,5,72,102,22159,2.31,44.16
8,5,73,101,25498,2.73,37.0
8,5,74,104,23998,2.62,39.69
8,5,75,101,24484,2.7,37.41
8,5,76,105,21004,2.26,46.46
8,5,77,106,25709,2.66,39.85
8,5,78,101,25288,2.58,39.15
8,5,79,104,22986,2.51,41.43
8,5,80,101,29811,3.01,33.55
8,5,81,101,25785,2.74,36.86
8,5,82,104,26735,2.89,35.99
8,5,83,103,26239,2.72,37.87
8,5,84,101,22964,2.34,43.16
8,5,85,102,21922,2.41,42.32
8,5,86,102,24586,2.63,38.78
8,5,87,102,26937,2.75,37.09
8,5,88,101,20340,2.33,43.35
8,5,89,101,22879,2.46,41.06
8,5,90,102,25001,2.59,39.38
8,5,91,104,25309,2.77,37.55
8,5,92,101,22872,2.49,40.56
8,5,93,101,19897,2.25,44.89
8,5,94,103,20771,2.31,44.59
8,5,95,101,24846,2.53,39.92
8,5,96,102,22128,2.37,43.04
8,5,97,101,26744,2.75,36.73
8,5,98,101,19828,2.22,45.5
8,5,99,101,20458,2.29,44.1
8,5,100,101,24492,2.61,38.7
8,6,1,618,66405,9.8,63.06
8,6,2,585,67542,10.41,56.2
8,6,3,770,70822,10.58,72.78
8,6,4,658,72721,10.59,62.13
8,6,5,664,70644,10.52,63.12
8,6,6,738,72128,10.78,68.46
8,6,7,593,69895,10.56,56.16
8,6,8,621,65570,10.53,58.97
8,6,9,593,64129,10.48,56.58
8,6,10,657,64155,10.51,62.51
8,6,11,753,70459,10.49,71.78
8,6,12,595,63751,10.53,56.51
8,6,13,729,68890,10.43,69.89
8,6,14,682,67652,10.49,65.01
8,6,15,584,63881,10.54,55.41
8,6,16,662,70163,10.55,62.75
8,6,17,555,63206,10.41,53.31
8,6,18,505,62477,10.75,46.98
8,6,19,735,72366,10.65,69.01
8,6,20,552,63381,10.68,51.69
8,6,21,650,67734,10.4,62.5
8,6,22,647,68904,10.42,62.09
8,6,23,554,64880,10.61,52.21
8,6,24,591,67418,10.58,55.86
8,6,25,579,64462,10.6,54.62
8,6,26,601,65848,10.42,57.68
8,6,27,519,63403,10.56,49.15
8,6,28,644,67955,10.44,61.69
8,6,29,490,64144,10.49,46.71
8,6,30,565,69225,10.68,52.9
8,6,31,616,65626,10.82,56.93
8,6,32,628,68270,10.54,59.58
8,6,33,558,68194,10.6,52.64
8,6,34,784,72113,10.58,74.1
8,6,35,549,62485,10.43,52.64
8,6,36,718,70468,10.48,68.51
8,6,37,600,65978,10.55,56.87
8,6,38,506,63077,10.49,48.24
8,6,39,514,65788,10.53,48.81
8,6,40,512,65721,10.52,48.67
8,6,41,660,68671,10.54,62.62
8,6,42,748,72699,10.58,70.7
8,6,43,565,66413,10.63,53.15
8,6,44,438,57891,10.58,41.4
8,6,45,597,62750,10.38,57.51
8,6,46,666,65102,10.27,64.85
8,6,47,541,67357,10.1,53.56
8,6,48,467,59829,10.17,45.92
8,6,49,503,64215,10.18,49.41
8,6,50,606,64089,10.16,59.65
8,6,51,474,61601,10.21,46.43
8,6,52,558,66705,10.29,54.23
8,6,53,590,69388,10.24,57.62
8,6,54,499,66223,10.16,49.11
8,6,55,808,73885,10.07,80.24
8,6,56,682,70055,10.17,67.06
8,6,57,653,65202,10.19,64.08
8,6,58,577,66421,10.3,56.02
8,6,59,701,67236,10.04,69.82
8,6,60,544,67932,10.26,53.02
8,6,61,706,67628,10.21,69.15
8,6,62,717,70104,10.18,70.43
8,6,63,653,68034,10.15,64.33
8,6,64,598,67318,10.03,59.62
8,6,65,682,64750,10.06,67.79
8,6,66,555,65538,10.23,54.25
8,6,67,606,64881,9.98,60.72
8,6,68,663,67228,10.05,65.97
8,6,69,504,61285,10.13,49.75
8,6,70,559,65286,10.14,55.13
8,6,71,567,60366,10.09,56.19
8,6,72,551,67819,10.17,54.18
8,6,73,542,66391,10.11,53.61
8,6,74,636,66337,10.07,63.16
8,6,75,567,67435,10.2,55.59
8,6,76,477,60449,10.13,47.09
8,6,77,589,64932,10.13,58.14
8,6,78,596,62159,10.11,58.95
8,6,79,690,70987,10.11,68.25
8,6,80,561,64130,10.06,55.77
8,6,81,608,65439,10.02,60.68
8,6,82,573,68590,10.18,56.29
8,6,83,623,66893,10.04,62.05
8,6,84,592,68903,10.2,58.04
8,6,85,769,71347,10.12,75.99
8,6,86,627,64045,10.19,61.53
8,6,87,481,59863,10.19,47.2
8,6,88,463,58476,10.02,46.21
8,6,89,599,64026,10.17,58.9
8,6,90,651,67025,10.16,64.07
8,6,91,534,63608,10.05,53.13
8,6,92,742,70269,10.03,73.98
8,6,93,610,70453,10.11,60.34
8,6,94,701,68888,10.17,68.93
8,6,95,594,67012,10.18,58.35
8,6,96,611,65571,10.18,60.02
8,6,97,672,67511,10.23,65.69
8,6,98,801,70864,10.08,79.46
8,6,99,458,59922,10.08,45.44
8,6,100,606,68555,10.15,59.7
8,7,1,107,24948,4.46,23.99
8,7,2,106,24665,4.4,24.09
8,7,3,104,25604,4.53,22.96
8,7,4,103,23855,4.75,21.68
8,7,5,107,23215,4.57,23.41
8,7,6,104,23278,4.57,22.76
8,7,7,105,23945,4.6,22.83
8,7,8,106,21182,4.33,24.48
8,7,9,105,24674,4.57,22.98
8,7,10,105,23195,4.52,23.23
8,7,11,103,21937,4.35,23.68
8,7,12,107,21636,4.31,24.83
8,7,13,105,25587,4.65,22.58
8,7,14,102,23337,4.49,22.72
8,7,15,104,23783,4.6,22.61
8,7,16,103,21399,4.25,24.24
8,7,17,104,27177,4.72,22.03
8,7,18,102,26450,4.62,22.08
8,7,19,106,21072,4.34,24.42
8,7,20,104,23270,4.47,23.27
8,7,21,105,25454,4.58,22.93
8,7,22,102,23208,4.56,22.37
8,7,23,107,19652,4.29,24.94
8,7,24,102,25260,4.65,21.94
8,7,25,103,22227,4.26,24.18
8,7,26,104,27772,4.84,21.49
8,7,27,104,24408,4.53,22.96
8,7,28,103,18210,4.19,24.58
8,7,29,104,25700,4.54,22.91
8,7,30,102,21199,4.27,23.89
8,7,31,105,25302,4.64,22.63
8,7,32,103,22632,4.52,22.79
8,7,33,106,27994,4.87,21.77
8,7,34,104,21301,4.31,24.13
8,7,35,102,25558,4.67,21.84
8,7,36,106,23838,4.53,23.4
8,7,37,106,24106,4.5,23.56
8,7,38,103,25055,4.69,21.96
8,7,39,106,22985,4.51,23.5
8,7,40,104,25521,4.59,22.66
8,7,41,105,20592,4.29,24.48
8,7,42,105,25819,4.67,22.48
8,7,43,107,21560,4.36,24.54
8,7,44,103,24078,4.65,22.15
8,7,45,106,26378,4.66,22.75
8,7,46,105,23497,4.34,24.19
8,7,47,102,20641,4.21,24.23
8,7,48,105,21595,4.36,24.08
8,7,49,103,21768,4.33,23.79
8,7,50,102,23767,4.57,22.32
8,7,51,103,26701,4.67,22.06
8,7,52,106,20492,4.26,24.88
8,7,53,104,23957,4.63,22.46
8,7,54,104,20214,4.3,24.19
8,7,55,106,28456,4.98,21.29
8,7,56,102,28562,4.91,20.77
8,7,57,104,24518,4.59,22.66
8,7,58,103,24754,4.51,22.84
8,7,59,104,25704,4.61,22.56
8,7,60,104,20766,4.32,24.07
8,7,61,102,25617,4.64,21.98
8,7,62,103,22408,4.42,23.3
8,7,63,105,26108,4.57,22.98
8,7,64,104,22076,4.34,23.96
8,7,65,103,26186,4.69,21.96
8,7,66,102,26606,4.83,21.12
8,7,67,104,26386,4.84,21.49
8,7,68,102,21586,4.62,22.08
8,7,69,104,22283,4.41,23.58
8,7,70,105,23307,4.46,23.54
8,7,71,102,26546,4.71,21.66
8,7,72,107,26534,4.54,23.57
8,7,73,102,22405,4.45,22.92
8,7,74,104,20668,4.25,24.47
8,7,75,108,25415,4.59,23.53
8,7,76,104,19316,4.14,25.12
8,7,77,102,23317,4.49,22.72
8,7,78,107,26783,4.67,22.91
8,7,79,104,22118,4.33,24.02
8,7,80,103,19816,4.3,23.95
8,7,81,105,21497,4.31,24.36
8,7,82,102,25944,4.75,21.47
8,7,83,108,25730,4.65,23.23
8,7,84,103,21007,4.3,23.95
8,7,85,103,20706,4.27,24.12
8,7,86,103,22224,4.38,23.52
8,7,87,105,24777,4.67,22.48
8,7,88,102,25486,4.68,21.79
8,7,89,102,26424,4.73,21.56
8,7,90,104,21217,4.39,23.69
8,7,91,104,26663,4.76,21.85
8,7,92,102,25725,4.71,21.66
8,7,93,103,24026,4.49,22.94
8,7,94,102,24376,4.6,22.17
8,7,95,109,28899,5.02,21.71
8,7,96,106,19738,4.25,24.94
8,7,97,105,19896,4.21,24.94
8,7,98,105,24673,4.54,23.13
8,7,99,105,25032,4.73,22.2
8,7,100,104,22077,4.56,22.81
9,0,1,112,33244,8.75,12.8
9,0,2,110,40582,9.38,11.73
9,0,3,106,34381,9.19,11.53
9,0,4,113,42443,9.62,11.75
9,0,5,106,41556,9.71,10.92
9,0,6,108,39769,9.62,11.23
9,0,7,111,38206,9.39,11.82
9,0,8,110,45205,10.18,10.81
9,0,9,112,40084,9.23,12.13
9,0,10,106,38951,9.29,11.41
9,0,11,111,42533,9.66,11.49
9,0,12,111,33965,8.7,12.76
9,0,13,111,40102,9.73,11.41
9,0,14,110,41935,9.88,11.13
9,0,15,106,43241,9.64,11.0
9,0,16,105,36765,9.11,11.53
9,0,17,108,39010,9.3,11.61
9,0,18,106,37329,9.14,11.6
9,0,19,111,47574,10.12,10.97
9,0,20,109,35029,8.84,12.33
9,0,21,112,44906,9.76,11.48
9,0,22,109,42336,9.48,11.5
9,0,23,114,38574,9.22,12.36
9,0,24,110,41058,9.61,11.45
9,0,25,114,42339,9.77,11.67
9,0,26,111,35207,8.83,12.57
9,0,27,106,43593,9.93,10.67
9,0,28,109,41108,9.62,11.33
9,0,29,110,45534,10.45,10.53
9,0,30,105,39979,9.65,10.88
9,0,31,111,39882,9.28,11.96
9,0,32,118,34114,8.88,13.29
9,0,33,109,32896,8.73,12.49
9,0,34,106,49711,10.47,10.12
9,0,35,111,39621,9.57,11.6
9,0,36,109,42447,9.59,11.37
9,0,37,111,35364,8.89,12.49
9,0,38,105,43517,9.73,10.79
9,0,39,115,42012,9.53,12.07
9,0,40,111,38577,9.33,11.9
9,0,41,111,42022,10.3,10.78
9,0,42,114,40657,9.35,12.19
9,0,43,109,35164,8.8,12.39
9,0,44,114,42645,9.61,11.86
9,0,45,114,42079,9.48,12.03
9,0,46,111,37796,9.28,11.96
9,0,47,110,39511,9.28,11.85
9,0,48,109,36245,8.84,12.33
9,0,49,110,37983,8.99,12.24
9,0,50,112,44117,9.91,11.3
9,0,51,111,38782,9.43,11.77
9,0,52,111,42397,9.79,11.34
9,0,53,114,42113,9.59,11.89
9,0,54,109,42266,9.55,11.41
9,0,55,117,32819,8.42,13.9
9,0,56,113,40610,9.42,12.0
9,0,57,111,34989,8.78,12.64
9,0,58,108,43586,9.47,11.4
9,0,59,111,41414,9.41,11.8
9,0,60,109,40551,9.45,11.53
9,0,61,108,42184,9.75,11.08
9,0,62,111,42137,9.46,11.73
9,0,63,111,38810,9.29,11.95
9,0,64,107,39620,9.28,11.53
9,0,65,110,32362,8.87,12.4
9,0,66,112,41161,9.67,11.58
9,0,67,106,43694,9.93,10.67
9,0,68,110,41019,9.59,11.47
9,0,69,113,36724,9.08,12.44
9,0,70,109,37905,9.33,11.68
9,0,71,109,35142,8.97,12.15
9,0,72,114,39238,9.33,12.22
9,0,73,106,42608,9.76,10.86
9,0,74,109,37089,8.97,12.15
9,0,75,112,41352,9.67,11.58
9,0,76,113,43177,9.7,11.65
9,0,77,115,38479,8.98,12.81
9,0,78,109,39464,9.33,11.68
9,0,79,108,40534,9.54,11.32
9,0,80,114,42721,9.64,11.83
9,0,81,109,41922,9.72,11.21
9,0,82,107,38794,9.37,11.42
9,0,83,109,40130,9.42,11.57
9,0,84,111,43376,9.89,11.22
9,0,85,106,37042,9.52,11.13
9,0,86,109,41349,9.87,11.04
9,0,87,117,40655,9.62,12.16
9,0,88,113,41010,10.4,10.87
9,0,89,106,41749,9.57,11.08
9,0,90,112,32723,8.38,13.37
9,0,91,112,40456,9.69,11.56
9,0,92,106,43898,9.73,10.89
9,0,93,116,42167,9.71,11.95
9,0,94,108,30853,8.99,12.01
9,0,95,109,37036,9.38,11.62
9,0,96,108,44163,9.8,11.02
9,0,97,109,29288,8.36,13.04
9,0,98,105,41077,9.49,11.06
9,0,99,110,40100,9.46,11.63
9,0,100,106,37646,9.26,11.45
9,1,1,14272,2134543,1014.07,14.07
9,1,2,15519,2199939,1010.99,15.35
9,1,3,14032,2141476,1025.43,13.68
9,1,4,14494,2065258,1027.79,14.1
9,1,5,14057,2110539,1007.46,13.95
9,1,6,14160,2174183,997.38,14.2
9,1,7,13947,2053388,993.89,14.03
9,1,8,15570,2268285,1017.5,15.3
9,1,9,13744,2051433,987.09,13.92
9,1,10,14826,2079316,974.82,15.21
9,1,11,14960,2299529,41439.15,0.36
9,1,12,14096,2230133,1046.2,13.47
9,1,13,14461,2096425,1013.09,14.27
9,1,14,14845,2171106,1002.4,14.81
9,1,15,13902,2079113,987.57,14.08
9,1,16,14794,2152500,997.93,14.82
9,1,17,14703,2085073,1183.16,12.43
9,1,18,14129,2103024,1352.74,10.44
9,1,19,14260,2148469,1394.44,10.23
9,1,20,14235,1989241,1326.19,10.73
9,1,21,14138,2085561,1338.69,10.56
9,1,22,13523,2004095,3647.36,3.71
9,1,23,14317,2105828,997.36,14.35
9,1,24,13992,2051278,997.57,14.03
9,1,25,14007,2133182,992.21,14.12
9,1,26,15263,2271961,998.39,15.29
9,1,27,14075,1985165,986.09,14.27
9,1,28,13997,2169747,992.95,14.1
9,1,29,15512,2264088,1017.07,15.25
9,1,30,13355,2042719,989.4,13.5
9,1,31,14117,2156363,990.05,14.26
9,1,32,13905,2006137,973.68,14.28
9,1,33,14168,2049416,981.12,14.44
9,1,34,15003,2166996,1000.73,14.99
9,1,35,15581,2258184,1020.87,15.26
9,1,36,14185,2108415,981.28,14.46
9,1,37,14406,2194526,1000.76,14.4
9,1,38,14832,2160782,977.82,15.17
9,1,39,13763,2256529,986.7,13.95
9,1,40,14436,2109170,983.41,14.68
9,1,41,14070,2105502,984.71,14.29
9,1,42,13846,2143131,992.25,13.95
9,1,43,14806,2173107,1077.75,13.74
9,1,44,14087,2249433,1081.83,13.02
9,1,45,14125,2084792,1089.54,12.96
9,1,46,13785,2042540,1151.55,11.97
9,1,47,13543,2060963,1114.96,12.15
9,1,48,13752,2166548,1164.08,11.81
9,1,49,14473,2003160,1129.31,12.82
9,1,50,13777,2032241,1144.17,12.04
9,1,51,15025,2152541,1141.77,13.16
9,1,52,15348,2153766,1137.11,13.5
9,1,53,13797,2043086,37006.11,0.37
9,1,54,14399,2351221,1171.12,12.3
9,1,55,14079,1942932,1209.45,11.64
9,1,56,14594,2157503,1164.08,12.54
9,1,57,14126,2000482,1142.14,12.37
9,1,58,14012,2001487,1194.94,11.73
9,1,59,14845,2234535,7011.38,2.12
9,1,60,14177,2050285,1020.52,13.89
9,1,61,14468,2190979,993.53,14.56
9,1,62,16542,2405785,1038.56,15.93
9,1,63,14268,2005897,979.56,14.57
9,1,64,13864,2073886,977.1,14.19
9,1,65,14517,2075976,994.51,14.6
9,1,66,15361,2258232,1093.23,14.05
9,1,67,14065,2188911,1177.52,11.94
9,1,68,13751,2035483,1180.34,11.65
9,1,69,14523,2019024,1088.88,13.34
9,1,70,14453,2248300,1176.91,12.28
9,1,71,13924,2004579,992.88,14.02
9,1,72,13993,2012026,993.08,14.09
9,1,73,15209,2470093,1020.61,14.9
9,1,74,14240,2180542,1009.59,14.1
9,1,75,14544,2103753,1094.04,13.29
9,1,76,14416,2147709,60237.91,0.24
9,1,77,14283,1960268,1068.24,13.37
9,1,78,13996,2112290,1096.94,12.76
9,1,79,14773,2228030,1122.61,13.16
9,1,80,14157,2232285,1203.8,11.76
9,1,81,14064,2083651,1332.07,10.56
9,1,82,14163,2051702,1236.82,11.45
9,1,83,14224,2194171,1008.54,14.1
9,1,84,13982,2038235,986.57,14.17
9,1,85,14448,2041021,981.14,14.73
9,1,86,14311,2105179,994.46,14.39
9,1,87,13827,2079580,982.95,14.07
9,1,88,14009,2079805,979.36,14.3
9,1,89,14211,2046114,986.66,14.4
9,1,90,14301,2033026,979.61,14.6
9,1,91,14171,2092387,983.97,14.4
9,1,92,13246,2039800,980.28,13.51
9,1,93,14298,2169302,995.32,14.37
9,1,94,14427,2066963,986.05,14.63
9,1,95,14613,2135446,1099.51,13.29
9,1,96,14922,2258868,11653.73,1.28
9,1,97,13317,2253368,1026.7,12.97
9,1,98,14519,2256303,1163.03,12.48
9,1,99,14193,2049117,1009.55,14.06
9,1,100,14784,2125750,985.86,15.0
9,2,1,8563,1171955,497.12,17.23
9,2,2,8785,1258988,525.09,16.73
9,2,3,8849,1303346,490.59,18.04
9,2,4,8999,1268156,482.29,18.66
9,2,5,8611,1217797,472.73,18.22
9,2,6,9017,1232202,473.99,19.02
9,2,7,8998,1225652,485.82,18.52
9,2,8,9217,1243433,475.48,19.38
9,2,9,9765,1344965,482.42,20.24
9,2,10,8471,1187968,477.25,17.75
9,2,11,8531,1147588,542.24,15.73
9,2,12,8884,1279818,647.5,13.72
9,2,13,8741,1271483,647.16,13.51
9,2,14,9269,1253517,673.4,13.76
9,2,15,8911,1206658,662.9,13.44
9,2,16,8856,1363632,680.28,13.02
9,2,17,8827,1205771,635.42,13.89
9,2,18,8989,1223333,644.87,13.94
9,2,19,8619,1206915,637.75,13.51
9,2,20,8608,1177461,629.66,13.67
9,2,21,8702,1227016,3160.22,2.75
9,2,22,9011,1315032,490.87,18.36
9,2,23,9064,1291276,481.67,18.82
9,2,24,9093,1318880,479.56,18.96
9,2,25,9059,1272422,478.8,18.92
9,2,26,8774,1257652,496.12,17.69
9,2,27,9069,1275323,480.7,18.87
9,2,28,8577,1245710,476.62,18.0
9,2,29,8975,1177391,473.52,18.95
9,2,30,8642,1239535,485.39,17.8
9,2,31,8985,1227353,477.5,18.82
9,2,32,8542,1228110,478.36,17.86
9,2,33,8985,1211960,470.95,19.08
9,2,34,9003,1244148,476.12,18.91
9,2,35,8816,1205936,479.04,18.4
9,2,36,9198,1313842,478.2,19.23
9,2,37,9060,1278942,477.94,18.96
9,2,38,8984,1296787,476.37,18.86
9,2,39,8807,1248774,472.38,18.64
9,2,40,8724,1133867,464.09,18.8
9,2,41,9485,1316852,475.36,19.95
9,2,42,8990,1233542,468.65,19.18
9,2,43,8895,1234003,470.14,18.92
9,2,44,8772,1339397,481.24,18.23
9,2,45,8937,1253014,479.19,18.65
9,2,46,9936,1308916,471.77,21.06
9,2,47,8912,1284160,480.29,18.56
9,2,48,8843,1240495,475.66,18.59
9,2,49,8747,1225617,478.51,18.28
9,2,50,8540,1226969,474.47,18.0
9,2,51,8348,1162575,474.49,17.59
9,2,52,8916,1195397,470.87,18.94
9,2,53,9603,1301169,473.96,20.26
9,2,54,8779,1171998,468.43,18.74
9,2,55,8978,1268267,478.69,18.76
9,2,56,8722,1187993,470.47,18.54
9,2,57,9111,1241657,473.49,19.24
9,2,58,8478,1138132,469.88,18.04
9,2,59,8817,1217867,472.96,18.64
9,2,60,8785,1170254,464.37,18.92
9,2,61,8809,1200347,471.43,18.69
9,2,62,8882,1178437,473.78,18.75
9,2,63,9026,1245575,473.51,19.06
9,2,64,9265,1330207,475.9,19.47
9,2,65,8820,1203850,475.61,18.54
9,2,66,9861,1355360,582.89,16.92
9,2,67,8679,1240136,543.28,15.98
9,2,68,8846,1245806,490.71,18.03
9,2,69,8706,1194090,498.72,17.46
9,2,70,8726,1194996,532.78,16.38
9,2,71,9177,1194084,544.51,16.85
9,2,72,8804,1201927,550.28,16.0
9,2,73,9239,1275363,550.58,16.78
9,2,74,9210,1255605,508.27,18.12
9,2,75,8658,1214563,562.19,15.4
9,2,76,8865,1301742,568.88,15.58
9,2,77,8541,1171909,534.7,15.97
9,2,78,8444,1219301,562.72,15.01
9,2,79,8764,1211260,535.54,16.36
9,2,80,8811,1217933,558.84,15.77
9,2,81,8637,1179697,546.98,15.79
9,2,82,9013,1253060,561.41,16.05
9,2,83,9494,1353728,544.37,17.44
9,2,84,8865,1195867,550.6,16.1
9,2,85,8371,1122200,541.91,15.45
9,2,86,8792,1216035,36426.05,0.24
9,2,87,9218,1355644,530.02,17.39
9,2,88,8734,1214528,534.68,16.34
9,2,89,8838,1185576,571.34,15.47
9,2,90,8405,1144698,590.35,14.24
9,2,91,9015,1237556,580.32,15.53
9,2,92,8670,1251725,554.04,15.65
9,2,93,8849,1283597,581.03,15.23
9,2,94,8813,1255210,569.98,15.46
9,2,95,8743,1165022,538.06,16.25
9,2,96,9855,1320617,567.39,17.37
9,2,97,8743,1200973,563.04,15.53
9,2,98,8976,1223678,579.93,15.48
9,2,99,8746,1181011,6387.88,1.37
9,2,100,8811,1179957,495.32,17.79
9,3,1,19260,3041975,1494.51,12.89
9,3,2,18925,2840996,1411.48,13.41
9,3,3,17947,2752726,1410.63,12.72
9,3,4,19224,3066860,1626.18,11.82
9,3,5,18313,2846917,1946.05,9.41
9,3,6,18058,2839691,1931.66,9.35
9,3,7,19402,2967238,4466.92,4.34
9,3,8,18116,2691695,1420.64,12.75
9,3,9,17778,2719734,1435.64,12.38
9,3,10,19013,2874327,1414.14,13.44
9,3,11,20967,3220031,1426.57,14.7
9,3,12,17754,2977976,1406.88,12.62
9,3,13,17986,2763161,1396.21,12.88
9,3,14,18689,2841442,1401.19,13.34
9,3,15,18285,2975530,1398.56,13.07
9,3,16,18625,2764085,1389.95,13.4
9,3,17,18881,2814212,1411.25,13.38
9,3,18,17913,2798836,1405.22,12.75
9,3,19,17961,2664679,1384.58,12.97
9,3,20,19232,2878391,1405.38,13.68
9,3,21,17650,2706706,1390.39,12.69
9,3,22,18737,2947182,1416.3,13.23
9,3,23,19271,2866092,1577.34,12.22
9,3,24,18165,2863871,1565.55,11.6
9,3,25,18211,2772662,1586.01,11.48
9,3,26,19220,2862314,1627.06,11.81
9,3,27,18436,2862354,1630.36,11.31
9,3,28,19344,2901026,1619.69,11.94
9,3,29,18214,2807646,1639.22,11.11
9,3,30,18462,2778416,37465.72,0.49
9,3,31,19073,2849741,1706.52,11.18
9,3,32,20658,3128852,1688.08,12.24
9,3,33,18497,2709111,1685.59,10.97
9,3,34,18023,2782725,7426.84,2.43
9,3,35,19788,3011813,1419.25,13.94
9,3,36,18560,2769149,1403.8,13.22
9,3,37,18225,2824178,1409.69,12.93
9,3,38,19052,2924463,1445.71,13.18
9,3,39,18309,2818113,1593.41,11.49
9,3,40,18318,2726845,1662.85,11.02
9,3,41,16601,2853965,1613.93,10.29
9,3,42,18964,2930431,1470.56,12.9
9,3,43,18343,2939840,1420.4,12.91
9,3,44,17979,2791282,1415.76,12.7
9,3,45,17817,2745246,1547.21,11.52
9,3,46,18112,2745736,60658.56,0.3
9,3,47,18092,2659330,1533.0,11.8
9,3,48,18896,2949368,1614.15,11.71
9,3,49,17762,2719011,1808.0,9.82
9,3,50,17831,2874509,1710.61,10.42
9,3,51,18236,2941621,1423.12,12.81
9,3,52,18378,2560900,1400.23,13.12
9,3,53,19461,2902706,1404.96,13.85
9,3,54,18023,2979600,1400.51,12.87
9,3,55,19519,2919487,1410.0,13.84
9,3,56,16830,2870934,1400.67,12.02
9,3,57,18166,2671634,1391.16,13.06
9,3,58,17427,2742851,1434.97,12.14
9,3,59,17920,2443151,1507.68,11.89
9,3,60,18215,2778315,12049.77,1.51
9,3,61,18377,2942589,1545.44,11.89
9,3,62,18904,2771255,1444.16,13.09
9,3,63,18002,2710957,1384.28,13.0
9,3,64,17570,2589403,1376.31,12.77
9,3,65,18695,2783688,1393.72,13.41
9,3,66,18101,2795315,1385.07,13.07
9,3,67,18180,2731331,1383.89,13.14
9,3,68,18705,2886256,1422.61,13.15
9,3,69,18198,2795370,1396.68,13.03
9,3,70,18562,2896058,37811.4,0.49
9,3,71,18930,2674252,1384.04,13.68
9,3,72,18458,2845310,1399.38,13.19
9,3,73,19273,2948862,1405.63,13.71
9,3,74,17247,2701802,1393.56,12.38
9,3,75,18680,2884845,1408.1,13.27
9,3,76,18926,2847015,1397.29,13.54
9,3,77,18420,2665740,1406.9,13.09
9,3,78,18893,2934211,1448.82,13.04
9,3,79,18330,2863795,1455.77,12.59
9,3,80,18024,2770975,1400.82,12.87
9,3,81,18456,2809884,1401.49,13.17
9,3,82,19133,2838660,1395.43,13.71
9,3,83,17916,2814833,1404.72,12.75
9,3,84,18102,2746656,1393.18,12.99
9,3,85,18392,2885602,1404.16,13.1
9,3,86,17788,2705941,1386.99,12.82
9,3,87,18420,2829453,1420.01,12.97
9,3,88,18696,2967622,1421.94,13.15
9,3,89,20655,3263092,1422.31,14.52
9,3,90,19126,2950489,1404.01,13.62
9,3,91,18702,2940582,1401.64,13.34
9,3,92,18793,2756916,1388.08,13.54
9,3,93,18972,2894376,1501.38,12.64
9,3,94,19526,3020693,1524.89,12.8
9,3,95,18804,2923910,1494.75,12.58
9,3,96,17929,2664956,1721.79,10.41
9,3,97,18432,2710474,1706.76,10.8
9,3,98,18675,2832643,1781.9,10.48
9,3,99,18523,2810608,1747.54,10.6
9,3,100,18820,2713809,1526.93,12.33
9,4,1,5714,747746,196.15,29.13
9,4,2,5754,792029,194.41,29.6
9,4,3,5794,845429,226.03,25.63
9,4,4,5712,783173,201.03,28.41
9,4,5,5785,689742,192.74,30.01
9,4,6,5812,751878,180.44,32.21
9,4,7,5849,694105,174.6,33.5
9,4,8,5836,681288,172.69,33.79
9,4,9,5860,746478,188.5,31.09
9,4,10,5658,768193,182.83,30.95
9,4,11,5814,655407,168.3,34.55
9,4,12,3829,506483,155.52,24.62
9,4,13,5712,710141,176.93,32.28
9,4,14,5788,732404,177.16,32.67
9,4,15,5786,751850,183.75,31.49
9,4,16,5746,749941,180.65,31.81
9,4,17,5619,760432,183.35,30.65
9,4,18,5722,758334,182.39,31.37
9,4,19,5736,781511,186.24,30.8
9,4,20,5765,694837,176.4,32.68
9,4,21,5776,677306,172.94,33.4
9,4,22,5763,754380,182.25,31.62
9,4,23,5751,643239,171.94,33.45
9,4,24,5780,721880,178.62,32.36
9,4,25,5772,686297,172.29,33.5
9,4,26,5747,726970,179.24,32.06
9,4,27,5730,732400,178.95,32.02
9,4,28,5901,755112,186.78,31.59
9,4,29,5691,729669,231.61,24.57
9,4,30,5664,719109,232.48,24.36
9,4,31,5732,672313,229.18,25.01
9,4,32,5706,800165,261.24,21.84
9,4,33,5777,721897,245.22,23.56
9,4,34,5643,725816,243.24,23.2
9,4,35,5798,792728,251.3,23.07
9,4,36,5847,769320,258.4,22.63
9,4,37,5729,755157,262.48,21.83
9,4,38,5739,701878,235.0,24.42
9,4,39,5793,730368,257.08,22.53
9,4,40,5646,717742,244.24,23.12
9,4,41,5772,736774,263.32,21.92
9,4,42,5780,756368,255.28,22.64
9,4,43,5730,687512,241.56,23.72
9,4,44,5709,714278,245.57,23.25
9,4,45,5657,788032,246.69,22.93
9,4,46,5809,779567,247.16,23.5
9,4,47,5722,704004,243.03,23.54
9,4,48,5689,666813,231.98,24.52
9,4,49,5754,728794,235.13,24.47
9,4,50,5768,765385,244.13,23.63
9,4,51,5890,736978,239.1,24.63
9,4,52,5791,667521,225.45,25.69
9,4,53,5664,771985,247.4,22.89
9,4,54,5798,802569,2873.44,2.02
9,4,55,5779,663397,177.28,32.6
9,4,56,5728,761673,181.5,31.56
9,4,57,5729,755090,180.0,31.83
9,4,58,5824,691286,174.74,33.33
9,4,59,5751,739972,177.89,32.33
9,4,60,5747,693517,174.93,32.85
9,4,61,5741,744834,182.37,31.48
9,4,62,5917,756071,181.58,32.59
9,4,63,5774,707732,172.89,33.4
9,4,64,5803,670948,168.69,34.4
9,4,65,5736,714767,181.78,31.55
9,4,66,5851,696052,174.03,33.62
9,4,67,5716,773603,185.95,30.74
9,4,68,5829,713774,180.25,32.34
9,4,69,5728,840376,203.63,28.13
9,4,70,5858,673309,177.56,32.99
9,4,71,5751,838675,193.29,29.75
9,4,72,5811,747162,181.68,31.98
9,4,73,5857,666464,172.35,33.98
9,4,74,5705,749647,187.67,30.4
9,4,75,5796,781029,189.55,30.58
9,4,76,5710,773015,187.08,30.52
9,4,77,5768,752978,180.11,32.02
9,4,78,5808,777261,184.41,31.5
9,4,79,5692,810796,192.81,29.52
9,4,80,5740,683306,172.82,33.21
9,4,81,5788,720917,174.37,33.19
9,4,82,5756,694464,173.95,33.09
9,4,83,5749,652136,169.99,33.82
9,4,84,5768,763622,183.58,31.42
9,4,85,5797,776775,184.32,31.45
9,4,86,5751,774187,178.78,32.17
9,4,87,5783,627956,166.84,34.66
9,4,88,5798,720888,178.02,32.57
9,4,89,5770,696345,175.45,32.89
9,4,90,5747,751003,178.74,32.15
9,4,91,5814,754218,182.17,31.92
9,4,92,5782,771049,182.78,31.63
9,4,93,5792,660749,173.16,33.45
9,4,94,5729,730424,181.14,31.63
9,4,95,5777,694069,171.82,33.62
9,4,96,5780,742354,178.11,32.45
9,4,97,5931,797794,187.41,31.65
9,4,98,5797,713479,172.44,33.62
9,4,99,5698,716789,175.14,32.53
9,4,100,5670,796652,184.17,30.79
9,5,1,29091,4899136,2674.92,10.88
9,5,2,31039,5112254,2686.08,11.56
9,5,3,29301,4743613,3555.82,8.24
9,5,4,31019,5129481,5928.28,5.23
9,5,5,32456,5289479,2631.91,12.33
9,5,6,29894,5248319,2587.53,11.55
9,5,7,33275,5391141,2609.16,12.75
9,5,8,31477,5153183,2574.49,12.23
9,5,9,30633,4983482,2583.2,11.86
9,5,10,28869,4838267,2572.96,11.22
9,5,11,29073,4677806,2575.59,11.29
9,5,12,30761,5183827,2638.94,11.66
9,5,13,11430,1679178,863.35,13.24
9,5,14,30502,5499235,2929.39,10.41
9,5,15,30196,4772334,2978.6,10.14
9,5,16,31213,4961009,2985.11,10.46
9,5,17,30028,4841837,38843.56,0.77
9,5,18,31367,5262235,3126.65,10.03
9,5,19,29509,4668923,8854.52,3.33
9,5,20,32372,5753544,2614.01,12.38
9,5,21,30842,4897275,2574.7,11.98
9,5,22,29821,4643230,2850.49,10.46
9,5,23,30748,5139898,3048.86,10.09
9,5,24,30050,4996806,2648.9,11.34
9,5,25,30856,4997484,2731.31,11.3
9,5,26,33449,5238248,62003.06,0.54
9,5,27,28716,4281864,3003.87,9.56
9,5,28,29883,4898187,3125.67,9.56
9,5,29,30851,4686181,2610.78,11.82
9,5,30,33005,5430127,2598.82,12.7
9,5,31,29394,4740066,2568.52,11.44
9,5,32,30618,4958024,2589.18,11.83
9,5,33,30968,5154193,13369.26,2.32
9,5,34,31457,5005044,2808.03,11.2
9,5,35,29769,4858056,2571.88,11.57
9,5,36,32465,5305471,2573.61,12.61
9,5,37,30490,5044653,2588.07,11.78
9,5,38,30415,5121723,2569.09,11.84
9,5,39,29709,4873051,39001.71,0.76
9,5,40,30547,5013942,2597.5,11.76
9,5,41,30108,5196609,2600.47,11.58
9,5,42,31772,5572111,2597.86,12.23
9,5,43,32066,5481816,2673.72,11.99
9,5,44,29511,4823907,2622.13,11.25
9,5,45,31013,4939074,2615.8,11.86
9,5,46,30411,4794344,2581.09,11.78
9,5,47,31990,5617074,2599.18,12.31
9,5,48,29557,4951161,2580.78,11.45
9,5,49,30138,4783291,2572.4,11.72
9,5,50,31258,4833691,2578.39,12.12
9,5,51,25770,4916165,2628.55,9.8
9,5,52,30426,4984493,2736.66,11.12
9,5,53,28667,4630754,3151.38,9.1
9,5,54,29672,4617555,3209.34,9.25
9,5,55,29278,5131025,2964.59,9.88
9,5,56,30331,4736741,2570.74,11.8
9,5,57,29033,5043102,41198.08,0.7
9,5,58,30574,4755307,2914.44,10.49
9,5,59,31555,5221778,2988.93,10.56
9,5,60,31056,5166414,2618.42,11.86
9,5,61,30827,5133391,3065.0,10.06
9,5,62,28522,4893131,3456.76,8.25
9,5,63,29892,4699338,2717.99,11.0
9,5,64,32034,5175121,2872.72,11.15
9,5,65,28842,5045863,3309.21,8.72
9,5,66,30350,4956611,3373.67,9.0
9,5,67,32659,5240104,2816.19,11.6
9,5,68,30775,5067500,2860.25,10.76
9,5,69,30248,4975940,2720.1,11.12
9,5,70,29350,4989985,2646.4,11.09
9,5,71,32042,5274984,2670.75,12.0
9,5,72,29679,5207815,2641.97,11.23
9,5,73,31614,5460736,2659.11,11.89
9,5,74,29331,4794707,2781.68,10.54
9,5,75,30170,4875227,36617.51,0.82
9,5,76,30810,4834973,2556.19,12.05
9,5,77,31594,4979519,2634.14,11.99
9,5,78,30453,4957631,2594.75,11.74
9,5,79,30123,5167934,2597.0,11.6
9,5,80,33321,5316210,2594.99,12.84
9,5,81,32278,5233576,2587.95,12.47
9,5,82,32009,5189891,2608.58,12.27
9,5,83,32762,5605739,2610.08,12.55
9,5,84,29848,4839900,2591.85,11.52
9,5,85,29570,4886212,2583.32,11.45
9,5,86,31866,5213337,13664.1,2.33
9,5,87,30434,5409797,2667.99,11.41
9,5,88,29028,5172820,2759.22,10.52
9,5,89,31665,5283198,2656.19,11.92
9,5,90,30673,5413333,44181.29,0.69
9,5,91,29892,4979919,2502.82,11.94
9,5,92,31793,4567622,2528.46,12.57
9,5,93,31321,5457777,2637.8,11.87
9,5,94,29947,4999246,2661.89,11.25
9,5,95,29574,5164537,19689.5,1.5
9,5,96,31258,5139157,2670.14,11.71
9,5,97,30348,4731479,2649.65,11.45
9,5,98,30252,5166223,41759.87,0.72
9,5,99,26637,4384000,2578.24,10.33
9,5,100,29935,4825501,2563.53,11.68
9,6,1,9064,1341558,587.09,15.44
9,6,2,9549,1277683,618.63,15.44
9,6,3,9077,1234198,642.45,14.13
9,6,4,9244,1373131,635.66,14.54
9,6,5,8925,1255543,605.84,14.73
9,6,6,9453,1292885,628.38,15.04
9,6,7,9402,1262065,591.34,15.9
9,6,8,9090,1320028,625.65,14.53
9,6,9,9814,1325093,612.72,16.02
9,6,10,9594,1266672,621.56,15.44
9,6,11,9418,1307975,6452.33,1.46
9,6,12,9305,1299296,552.1,16.85
9,6,13,9499,1335179,522.81,18.17
9,6,14,9611,1377634,520.82,18.45
9,6,15,9567,1298660,522.24,18.32
9,6,16,9450,1388414,529.96,17.83
9,6,17,9510,1295340,521.39,18.24
9,6,18,9364,1274863,519.39,18.03
9,6,19,9509,1310617,521.96,18.22
9,6,20,9387,1318201,520.52,18.03
9,6,21,9504,1335516,516.86,18.39
9,6,22,9255,1338983,517.26,17.89
9,6,23,8838,1212572,535.26,16.51
9,6,24,9275,1245470,553.55,16.76
9,6,25,9511,1248129,568.06,16.74
9,6,26,10335,1472517,624.56,16.55
9,6,27,10058,1301428,617.35,16.29
9,6,28,9039,1175746,619.84,14.58
9,6,29,9228,1292747,571.58,16.14
9,6,30,9403,1310921,576.74,16.3
9,6,31,9102,1252023,629.27,14.46
9,6,32,9349,1315794,629.68,14.85
9,6,33,9081,1260486,525.1,17.29
9,6,34,9040,1350920,521.92,17.32
9,6,35,9361,1382500,534.74,17.51
9,6,36,8994,1274137,522.84,17.2
9,6,37,9597,1310521,521.98,18.39
9,6,38,9075,1241553,524.86,17.29
9,6,39,9563,1354611,529.88,18.05
9,6,40,10246,1423100,527.59,19.42
9,6,41,9590,1293557,543.07,17.66
9,6,42,9138,1288780,624.75,14.63
9,6,43,9457,1396080,637.87,14.83
9,6,44,9015,1306673,59654.43,0.15
9,6,45,9327,1329978,564.52,16.52
9,6,46,9086,1303345,569.61,15.95
9,6,47,9355,1397920,594.99,15.72
9,6,48,9079,1290197,559.85,16.22
9,6,49,9531,1397707,602.8,15.81
9,6,50,9418,1362319,612.75,15.37
9,6,51,9961,1330095,623.69,15.97
9,6,52,9052,1232089,680.29,13.31
9,6,53,9038,1265196,698.95,12.93
9,6,54,8949,1338333,714.65,12.52
9,6,55,9166,1317880,620.72,14.77
9,6,56,10382,1408484,525.56,19.75
9,6,57,9429,1334923,524.72,17.97
9,6,58,9908,1316464,523.02,18.94
9,6,59,9388,1222861,509.58,18.42
9,6,60,9207,1354484,528.08,17.43
9,6,61,8917,1383518,522.35,17.07
9,6,62,9177,1311619,522.08,17.58
9,6,63,9484,1345717,521.01,18.2
9,6,64,9128,1337158,519.93,17.56
9,6,65,9248,1333264,527.82,17.52
9,6,66,9457,1299283,514.73,18.37
9,6,67,9707,1333132,514.26,18.88
9,6,68,9416,1269503,519.32,18.13
9,6,69,8337,1159262,500.64,16.65
9,6,70,9229,1287775,517.03,17.85
9,6,71,8949,1257813,520.76,17.18
9,6,72,9393,1350005,525.24,17.88
9,6,73,9574,1311107,521.98,18.34
9,6,74,9245,1295565,514.57,17.97
9,6,75,9127,1283224,517.36,17.64
9,6,76,9390,1330270,523.95,17.92
9,6,77,9205,1266386,520.05,17.7
9,6,78,8887,1259512,511.49,17.37
9,6,79,9152,1344835,575.66,15.9
9,6,80,9460,1354028,594.25,15.92
9,6,81,9405,1306971,11151.17,0.84
9,6,82,9423,1325553,531.85,17.72
9,6,83,9371,1318311,530.17,17.68
9,6,84,9408,1300200,552.92,17.02
9,6,85,8947,1264031,598.56,14.95
9,6,86,9010,1256735,600.16,15.01
9,6,87,9505,1270182,522.69,18.18
9,6,88,7938,1184700,501.74,15.82
9,6,89,8968,1147068,505.5,17.74
9,6,90,9601,1252440,516.51,18.59
9,6,91,9039,1219695,503.04,17.97
9,6,92,9629,1346969,525.48,18.32
9,6,93,9147,1230096,511.21,17.89
9,6,94,9585,1279695,512.76,18.69
9,6,95,9091,1235549,507.9,17.9
9,6,96,9365,1341953,518.7,18.05
9,6,97,9316,1316769,516.43,18.04
9,6,98,9415,1284417,510.99,18.43
9,6,99,9354,1355128,528.41,17.7
9,6,100,9301,1229465,511.33,18.19
9,6,101,9047,1204514,542.74,16.67
9,6,102,9293,1323507,564.04,16.48
9,6,103,9461,1353170,572.88,16.51
9,6,104,9308,1338436,536.58,17.35
9,6,105,9081,1321912,519.46,17.48
9,6,106,9299,1287465,507.48,18.32
9,6,107,9236,1309318,528.56,17.47
9,6,108,9163,1290025,517.5,17.71
9,6,109,9041,1261932,516.28,17.51
9,6,110,9344,1253967,513.31,18.2
9,6,111,9246,1392443,528.8,17.48
9,6,112,9123,1433223,531.4,17.17
9,6,113,9529,1409822,529.14,18.01
9,6,114,8848,1240427,513.29,17.24
9,6,115,9328,1295889,515.37,18.1
9,6,116,9369,1289044,517.68,18.1
9,6,117,9335,1241842,507.04,18.41
9,6,118,9442,1320165,533.14,17.71
9,6,119,9232,1279227,527.65,17.5
9,6,120,9062,1294362,533.9,16.97
9,6,121,9556,1310937,530.05,18.03
9,6,122,9256,1267685,525.07,17.63
9,6,123,9118,1379845,549.65,16.59
9,6,124,9134,1235471,526.06,17.36
9,6,125,9511,1357390,518.73,18.34
9,6,126,9531,1305390,520.99,18.29
9,6,127,9128,1330839,16139.75,0.57
9,7,1,12568,2004876,947.1,13.27
9,7,2,12668,1856712,963.49,13.15
9,7,3,13205,1883894,1060.0,12.46
9,7,4,12467,1845343,993.03,12.55
9,7,5,13541,1969095,1006.29,13.46
9,7,6,12049,1721167,1000.55,12.04
9,7,7,13314,1937081,880.42,15.12
9,7,8,12959,2018936,886.45,14.62
9,7,9,12978,1837328,876.91,14.8
9,7,10,12631,1928690,879.54,14.36
9,7,11,13112,2012650,890.1,14.73
9,7,12,12861,2008423,1044.07,12.32
9,7,13,12343,1911519,60077.52,0.21
9,7,14,13678,1966824,961.05,14.23
9,7,15,13258,1846970,956.41,13.86
9,7,16,12711,1841549,959.4,13.25
9,7,17,12520,1815396,1010.18,12.39
9,7,18,13801,2097551,1157.87,11.92
9,7,19,13360,1881036,1178.68,11.33
9,7,20,13578,1940921,951.45,14.27
9,7,21,12700,1841949,867.74,14.64
9,7,22,13051,1900870,872.86,14.95
9,7,23,12252,1850372,889.37,13.78
9,7,24,13134,2039303,881.52,14.9
9,7,25,13046,1996370,880.29,14.82
9,7,26,12776,1882781,879.07,14.53
9,7,27,12774,1942356,871.62,14.66
9,7,28,12893,1878789,870.36,14.81
9,7,29,12283,1815339,867.49,14.16
9,7,30,13961,2042883,878.54,15.89
9,7,31,12829,1888573,875.22,14.66
9,7,32,12761,1915063,873.53,14.61
9,7,33,13021,1790982,860.99,15.12
9,7,34,13078,2036899,955.18,13.69
9,7,35,13802,1967958,11556.73,1.19
9,7,36,13945,1958129,879.56,15.85
9,7,37,13937,1921255,920.96,15.13
9,7,38,12387,1888799,1014.99,12.2
9,7,39,13146,1860247,861.93,15.25
9,7,40,12502,1806970,860.35,14.53
9,7,41,12622,1754792,849.63,14.86
9,7,42,13585,2018911,873.15,15.56
9,7,43,13090,1920438,861.93,15.19
9,7,44,11663,1908598,869.9,13.41
9,7,45,12528,1831300,860.64,14.56
9,7,46,13032,1933768,868.46,15.01
9,7,47,12957,1840515,862.31,15.03
9,7,48,7912,1094266,390.41,20.27
9,7,49,12990,1930857,875.22,14.84
9,7,50,13400,1926163,866.25,15.47
9,7,51,13226,1986046,882.0,15.0
9,7,52,12646,1948152,864.84,14.62
9,7,53,12678,1959308,37293.06,0.34
9,7,54,13531,2020657,863.47,15.67
9,7,55,12805,1935665,882.04,14.52
9,7,56,13362,1927560,868.82,15.38
9,7,57,13661,1990732,869.61,15.71
9,7,58,13077,1891178,870.41,15.02
9,7,59,12591,1916614,871.84,14.44
9,7,60,13133,1975179,868.64,15.12
9,7,61,13188,1992434,874.39,15.08
9,7,62,13104,1815535,858.07,15.27
9,7,63,13083,1946279,878.34,14.9
9,7,64,12954,2026908,906.36,14.29
9,7,65,12596,1838713,884.97,14.23
9,7,66,12901,1970009,924.29,13.96
9,7,67,12943,1881471,893.07,14.49
9,7,68,12475,1985676,871.91,14.31
9,7,69,12986,1922045,874.16,14.86
9,7,70,12584,1779783,854.16,14.73
9,7,71,12426,1871483,869.98,14.28
9,7,72,12804,1936018,864.15,14.82
9,7,73,12704,1835032,854.34,14.87
9,7,74,12570,1912826,859.15,14.63
9,7,75,13155,2019357,893.51,14.72
9,7,76,13483,1994060,863.89,15.61
9,7,77,12454,2069488,875.9,14.22
9,7,78,13793,1959256,868.25,15.89
9,7,79,13055,1845478,863.49,15.12
9,7,80,13342,1975086,871.4,15.31
9,7,81,12720,1860798,860.54,14.78
9,7,82,13481,1965993,868.18,15.53
9,7,83,13036,1984463,874.48,14.91
9,7,84,12929,1973348,873.02,14.81
9,7,85,12296,1870848,873.49,14.08
9,7,86,13079,1956852,873.45,14.97
9,7,87,12943,1948612,883.65,14.65
9,7,88,13266,2003916,882.72,15.03
9,7,89,12755,1931826,895.96,14.24
9,7,90,13804,1979442,952.79,14.49
9,7,91,12790,1966513,938.38,13.63
9,7,92,13650,1978204,895.16,15.25
9,7,93,12908,1968416,954.51,13.52
9,7,94,13294,1843249,1059.03,12.55
9,7,95,12548,1982793,1097.65,11.43
9,7,96,13046,1922760,1048.07,12.45
9,7,97,13587,1971695,1116.36,12.17
9,7,98,12986,1970601,1085.27,11.97
9,7,99,12501,1950505,1086.44,11.51
9,7,100,12454,1954405,1084.09,11.49
9,8,1,14600,2162878,1006.73,14.5
9,8,2,14219,2140137,997.04,14.26
9,8,3,16000,2373859,1027.62,15.57
9,8,4,14721,2087531,992.94,14.83
9,8,5,15169,2358149,1007.78,15.05
9,8,6,14683,2170361,1008.19,14.56
9,8,7,13044,2072045,992.87,13.14
9,8,8,13978,2187979,992.82,14.08
9,8,9,14270,2042159,993.0,14.37
9,8,10,14873,2135954,1006.45,14.78
9,8,11,14760,2069808,1014.23,14.55
9,8,12,14284,2109280,1035.69,13.79
9,8,13,14689,2137198,1028.2,14.29
9,8,14,15193,2185784,1005.23,15.11
9,8,15,14665,2204656,1003.16,14.62
9,8,16,13162,2105948,997.76,13.19
9,8,17,14260,2029869,985.43,14.47
9,8,18,14460,2161607,997.92,14.49
9,8,19,14304,2067444,980.09,14.59
9,8,20,13958,2150461,999.81,13.96
9,8,21,14608,2122420,997.33,14.65
9,8,22,14662,2052897,986.78,14.86
9,8,23,14531,2052203,984.11,14.77
9,8,24,14185,2135683,990.81,14.32
9,8,25,14306,2054014,985.53,14.52
9,8,26,14627,2217393,994.78,14.7
9,8,27,15012,2215139,991.87,15.14
9,8,28,14266,2154079,983.69,14.5
9,8,29,14156,2101285,988.98,14.31
9,8,30,14778,2221908,1005.73,14.69
9,8,31,15468,2213928,1020.36,15.16
9,8,32,14153,2020743,998.1,14.18
9,8,33,14651,2066866,1088.91,13.45
9,8,34,14977,2139378,1081.82,13.84
9,8,35,14052,2109237,1049.46,13.39
9,8,36,14902,2227646,1119.82,13.31
9,8,37,14032,2053048,1236.58,11.35
9,8,38,14685,2222470,1247.32,11.77
9,8,39,13940,2094409,1235.07,11.29
9,8,40,14015,2065468,1248.94,11.22
9,8,41,14456,2218941,1253.59,11.53
9,8,42,14197,2242343,1206.43,11.77
9,8,43,13981,2079016,993.18,14.08
9,8,44,14182,2140605,996.89,14.23
9,8,45,14908,2096507,994.18,15.0
9,8,46,14750,2096071,991.15,14.88
9,8,47,13921,2061475,39477.89,0.35
9,8,48,15143,2176407,1102.51,13.74
9,8,49,15789,2174743,1222.33,12.92
9,8,50,14197,2060295,1121.38,12.66
9,8,51,13648,1978266,1084.83,12.58
9,8,52,14457,2162163,1168.12,12.38
9,8,53,14225,2018674,1193.17,11.92
9,8,54,12728,2035251,1004.75,12.67
9,8,55,14846,2158267,1011.69,14.67
9,8,56,13902,2070375,1012.07,13.74
9,8,57,14424,2195450,1014.64,14.22
9,8,58,14376,2216416,1285.33,11.18
9,8,59,14848,2220842,1342.8,11.06
9,8,60,13877,2110338,1335.4,10.39
9,8,61,13486,1947200,1324.53,10.18
9,8,62,14839,2177326,1026.76,14.45
9,8,63,13883,2075985,1067.05,13.01
9,8,64,14941,2238349,1121.63,13.32
9,8,65,14187,2086820,1141.23,12.43
9,8,66,14522,2077598,1058.58,13.72
9,8,67,14017,2088257,1172.69,11.95
9,8,68,13332,2130450,1298.1,10.27
9,8,69,14476,2146906,1302.9,11.11
9,8,70,14060,2255752,1299.53,10.82
9,8,71,14593,2203989,1302.58,11.2
9,8,72,14854,2118284,1164.71,12.75
9,8,73,15125,2114908,1033.73,14.63
9,8,74,15287,2245912,1114.25,13.72
9,8,75,15004,2212273,1141.43,13.14
9,8,76,14239,2209805,1098.82,12.96
9,8,77,13792,2091060,1063.53,12.97
9,8,78,16184,2411243,1108.47,14.6
9,8,79,14164,1949632,1024.08,13.83
9,8,80,14156,2125578,1024.58,13.82
9,8,81,14360,2054491,1041.83,13.78
9,8,82,14166,2085762,1023.78,13.84
9,8,83,14499,2098519,1017.58,14.25
9,8,84,13840,2025619,1021.81,13.54
9,8,85,14299,2117162,1024.65,13.96
9,8,86,14721,2123185,1021.22,14.42
9,8,87,13931,2051681,1000.89,13.92
9,8,88,14852,2191821,1008.07,14.73
9,8,89,14173,2072218,1010.08,14.03
9,8,90,14041,2053199,1005.9,13.96
9,8,91,13767,1985481,998.39,13.79
9,8,92,14468,2277556,1068.58,13.54
9,8,93,14242,2017267,1101.3,12.93
9,8,94,14856,2191207,995.4,14.92
9,8,95,14323,2168228,35055.75,0.41
9,8,96,13704,2111910,994.15,13.78
9,8,97,13800,2074054,986.19,13.99
9,8,98,14338,2169364,998.26,14.36
9,8,99,13250,2171356,1000.51,13.24
9,8,100,14999,2186495,1012.3,14.82
9,9,1,18950,2747014,1483.61,12.77
9,9,2,19367,2999846,1468.94,13.18
9,9,3,18021,2838406,1464.29,12.31
9,9,4,19750,3026592,1476.17,13.38
9,9,5,19780,3026429,1468.92,13.47
9,9,6,20106,3229834,1475.29,13.63
9,9,7,20125,3189336,1501.24,13.41
9,9,8,19358,3164072,1541.87,12.55
9,9,9,20098,2863457,1504.65,13.36
9,9,10,18737,2981454,1456.49,12.86
9,9,11,20828,3217943,1472.7,14.14
9,9,12,19015,2975177,1464.08,12.99
9,9,13,20017,3101400,1480.86,13.52
9,9,14,19358,2971033,1459.82,13.26
9,9,15,22745,3430326,1489.86,15.27
9,9,16,19707,2958953,1479.93,13.32
9,9,17,19536,2930730,1468.48,13.3
9,9,18,18996,2884132,1461.75,13.0
9,9,19,19706,3102710,1479.44,13.32
9,9,20,18168,2920079,1465.93,12.39
9,9,21,17106,2873864,1472.7,11.62
9,9,22,20192,2945121,1532.08,13.18
9,9,23,19724,2906614,1600.56,12.32
9,9,24,19993,3073237,1540.1,12.98
9,9,25,18816,3001123,1807.21,10.41
9,9,26,19411,2813838,1785.78,10.87
9,9,27,19863,3028786,1869.05,10.63
9,9,28,18731,2959398,1823.0,10.27
9,9,29,17646,2643883,1562.7,11.29
9,9,30,19062,2908354,1461.69,13.04
9,9,31,18134,2946114,1482.89,12.23
9,9,32,20271,3201168,39979.32,0.51
9,9,33,18419,3016082,1700.72,10.83
9,9,34,18790,2833804,1642.67,11.44
9,9,35,18440,2966572,1645.25,11.21
9,9,36,18562,2840286,1747.03,10.62
9,9,37,18856,2957395,1485.82,12.69
9,9,38,19148,2966613,1497.16,12.79
9,9,39,19018,2886914,1609.61,11.82
9,9,40,19359,2944702,1977.16,9.79
9,9,41,19355,2965876,1983.58,9.76
9,9,42,17877,2804732,1684.48,10.61
9,9,43,19135,2888591,1582.2,12.09
9,9,44,19481,2802979,1663.08,11.71
9,9,45,19457,2972702,1582.04,12.3
9,9,46,18912,3005054,1923.66,9.83
9,9,47,18321,2803964,1915.23,9.57
9,9,48,19582,2872141,1917.12,10.21
9,9,49,19163,2865614,1707.49,11.22
9,9,50,19407,2944079,1593.54,12.18
9,9,51,18899,2872946,1677.02,11.27
9,9,52,18357,2799298,1561.05,11.76
9,9,53,19231,2832051,1564.95,12.29
9,9,54,18955,2884968,1504.86,12.6
9,9,55,19234,2893951,1512.33,12.72
9,9,56,18683,2919910,1520.15,12.29
9,9,57,19081,2993878,1518.09,12.57
9,9,58,19779,3132515,1522.76,12.99
9,9,59,20378,3211732,1509.51,13.5
9,9,60,17338,2829626,1487.83,11.65
9,9,61,18126,2863185,1500.31,12.08
9,9,62,20245,3094260,1493.95,13.55
9,9,63,18687,2892427,1607.85,11.62
9,9,64,19773,3125879,1502.4,13.16
9,9,65,18844,2979598,1463.49,12.88
9,9,66,22059,3353942,1491.3,14.79
9,9,67,19641,2858518,1451.88,13.53
9,9,68,18996,3043954,1471.64,12.91
9,9,69,18419,2931246,1503.16,12.25
9,9,70,20260,3307257,1547.69,13.09
9,9,71,18950,2772910,1471.92,12.87
9,9,72,18852,2868638,1589.98,11.86
9,9,73,19290,3084574,1541.41,12.51
9,9,74,17478,2652413,35502.27,0.49
9,9,75,18987,2907212,1470.04,12.92
9,9,76,18213,2887529,1461.79,12.46
9,9,77,19666,2934703,1478.96,13.3
9,9,78,18973,2770480,1497.44,12.67
9,9,79,17904,2872620,1478.09,12.11
9,9,80,18928,2846162,1468.72,12.89
9,9,81,19608,3227877,1485.62,13.2
9,9,82,18374,3105206,1476.14,12.45
9,9,83,18619,2808611,1470.36,12.66
9,9,84,18446,2927974,1471.81,12.53
9,9,85,20571,3089319,1484.92,13.85
9,9,86,19007,2920046,1468.69,12.94
9,9,87,18697,2836234,1455.56,12.85
9,9,88,19556,2896484,1470.02,13.3
9,9,89,20206,3142857,1478.56,13.67
9,9,90,20032,3166492,1481.55,13.52
9,9,91,18466,2853154,1478.31,12.49
9,9,92,18534,2810702,1464.75,12.65
9,9,93,18212,2881468,1472.16,12.37
9,9,94,18973,2844755,12528.83,1.51
9,9,95,18976,2994482,1486.07,12.77
9,9,96,19430,2978350,1577.05,12.32
9,9,97,19728,3119619,1570.18,12.56
9,9,98,20889,3153429,1581.51,13.21
9,9,99,19475,3008012,1469.59,13.25
9,9,100,18723,2827451,1495.34,12.52
9,10,1,16494,2498928,1550.45,10.64
9,10,2,17567,2631616,1527.31,11.5
9,10,3,18164,2848257,1481.22,12.26
9,10,4,18047,2809463,1652.81,10.92
9,10,5,17810,2758827,1438.43,12.38
9,10,6,18243,2772116,1378.05,13.24
9,10,7,17668,2675236,1370.32,12.89
9,10,8,18879,3036903,1699.27,11.11
9,10,9,18514,2780620,1839.74,10.06
9,10,10,18011,2678116,1819.98,9.9
9,10,11,18499,2803813,1451.38,12.75
9,10,12,19087,2991086,1480.3,12.89
9,10,13,18439,2510793,1513.2,12.19
9,10,14,17331,2773619,1430.1,12.12
9,10,15,18244,2660462,1711.63,10.66
9,10,16,17629,2737959,1782.86,9.89
9,10,17,18449,2899853,1759.09,10.49
9,10,18,17901,2850588,1717.08,10.43
9,10,19,17649,2599453,1408.2,12.53
9,10,20,17392,2575825,1547.5,11.24
9,10,21,18456,2782488,1503.65,12.27
9,10,22,18202,2745841,1449.18,12.56
9,10,23,19677,3026660,1444.02,13.63
9,10,24,18250,2739891,1395.93,13.07
9,10,25,17700,2747867,1377.97,12.84
9,10,26,18936,2912000,1393.85,13.59
9,10,27,19055,3004783,1408.81,13.53
9,10,28,16993,2599177,1382.1,12.3
9,10,29,18729,3019773,1397.89,13.4
9,10,30,17967,2602872,1360.45,13.21
9,10,31,18805,2822213,1378.26,13.64
9,10,32,17823,2673360,1373.07,12.98
9,10,33,17171,2866751,1355.76,12.67
9,10,34,17855,2684445,1342.33,13.3
9,10,35,17611,2723847,1339.72,13.15
9,10,36,17860,2847190,1373.64,13.0
9,10,37,18505,2726925,1355.41,13.65
9,10,38,16641,2746159,1383.07,12.03
9,10,39,17478,2777284,1395.94,12.52
9,10,40,17185,2573841,1378.46,12.47
9,10,41,16783,2666201,16972.57,0.99
9,10,42,16807,2528421,1389.39,12.1
9,11,1,7009,940839,356.17,19.68
9,11,2,6938,981013,343.27,20.21
9,11,3,7205,966430,348.33,20.68
9,11,4,7153,996818,382.66,18.69
9,11,5,7241,997004,373.43,19.39
9,11,6,7112,983235,365.96,19.43
9,11,7,6932,922106,354.94,19.53
9,11,8,7309,945250,328.3,22.26
9,11,9,7078,896568,327.69,21.6
9,11,10,6957,932344,335.11,20.76
9,11,11,7156,1051941,352.46,20.3
9,11,12,6951,869535,323.87,21.46
9,11,13,7159,920856,335.24,21.35
9,11,14,7323,1006756,341.25,21.46
9,11,15,7116,880258,352.35,20.2
9,11,16,7045,940392,374.3,18.82
9,11,17,7053,944324,377.21,18.7
9,11,18,7163,912553,368.73,19.43
9,11,19,7190,985019,340.77,21.1
9,11,20,6920,895207,314.55,22.0
9,11,21,7125,953125,314.0,22.69
9,11,22,7531,1026190,319.88,23.54
9,11,23,7199,951175,307.63,23.4
9,11,24,6952,916011,306.31,22.7
9,11,25,6974,976891,317.13,21.99
9,11,26,7020,941885,305.91,22.95
9,11,27,7060,949445,310.33,22.75
9,11,28,6938,922737,306.83,22.61
9,11,29,7269,913413,305.37,23.8
9,11,30,6915,922148,311.14,22.22
9,11,31,6974,980840,307.47,22.68
9,11,32,6923,1062576,350.66,19.74
9,11,33,6962,941439,393.94,17.67
9,11,34,7159,926340,409.44,17.48
9,11,35,5772,780235,377.77,15.28
9,11,36,6916,888767,403.34,17.15
9,11,37,7221,932064,405.38,17.81
9,11,38,7244,975222,416.0,17.41
9,11,39,7044,953382,431.14,16.34
9,11,40,7091,962059,423.76,16.73
9,11,41,7370,1081684,426.48,17.28
9,11,42,7272,1012295,413.47,17.59
9,11,43,7171,967625,420.37,17.06
9,11,44,7151,960776,408.8,17.49
9,11,45,7008,934806,383.19,18.29
9,11,46,7108,940264,312.92,22.72
9,11,47,7432,1047896,325.78,22.81
9,11,48,7104,938173,306.94,23.14
9,11,49,6959,911737,306.3,22.72
9,11,50,7157,1008837,338.01,21.17
9,11,51,7063,986171,350.3,20.16
9,11,52,7004,923166,340.11,20.59
9,11,53,7339,965499,331.6,22.13
9,11,54,7275,970415,347.5,20.94
9,11,55,6870,984443,366.32,18.75
9,11,56,6989,905364,344.16,20.31
9,11,57,7159,1009543,354.51,20.19
9,11,58,7113,952305,345.29,20.6
9,11,59,7120,873350,341.31,20.86
9,11,60,7067,956453,321.49,21.98
9,11,61,7089,966967,310.58,22.83
9,11,62,7151,951027,321.55,22.24
9,11,63,7238,1005627,387.04,18.7
9,11,64,7179,917280,380.03,18.89
9,11,65,7195,883082,386.72,18.61
9,11,66,7022,915581,396.2,17.72
9,11,67,7113,1012416,419.76,16.95
9,11,68,7173,940700,405.17,17.7
9,11,69,7012,944249,386.93,18.12
9,11,70,7027,994629,406.78,17.27
9,11,71,7093,932816,399.14,17.77
9,11,72,7238,950964,390.57,18.53
9,11,73,6987,920328,393.23,17.77
9,11,74,7121,942446,406.68,17.51
9,11,75,7179,958420,396.17,18.12
9,11,76,7007,957650,411.92,17.01
9,11,77,7211,944897,387.04,18.63
9,11,78,7332,1020521,416.72,17.59
9,11,79,7012,945725,360.43,19.45
9,11,80,6953,935034,327.34,21.24
9,11,81,7234,1070079,338.87,21.35
9,11,82,7151,936875,328.4,21.78
9,11,83,7213,938373,315.36,22.87
9,11,84,7086,995823,337.05,21.02
9,11,85,7646,967926,341.32,22.4
9,11,86,7025,920857,341.96,20.54
9,11,87,7119,999088,365.41,19.48
9,11,88,7024,938392,346.22,20.29
9,11,89,7044,942213,351.56,20.04
9,11,90,7229,964304,335.92,21.52
9,11,91,7281,989038,352.11,20.68
9,11,92,7064,963406,330.17,21.4
9,11,93,7168,869288,317.42,22.58
9,11,94,6972,943443,330.81,21.08
9,11,95,6905,1054767,351.2,19.66
9,11,96,7231,991063,328.58,22.01
9,11,97,7157,976275,334.13,21.42
9,11,98,7227,1020794,344.96,20.95
9,11,99,7340,946673,333.95,21.98
9,11,100,6999,989036,335.85,20.84
9,12,1,12344,1927048,772.93,15.97
9,12,2,11398,1711409,749.46,15.21
9,12,3,11940,1745150,759.87,15.71
9,12,4,11703,1698625,775.36,15.09
9,12,5,11385,1704384,781.56,14.57
9,12,6,11857,1813388,759.17,15.62
9,12,7,11780,1727661,739.1,15.94
9,12,8,11790,1780223,756.83,15.58
9,12,9,11832,1677057,743.19,15.92
9,12,10,11324,1685973,756.09,14.98
9,12,11,12257,1727381,788.01,15.55
10,0,1,34474,7788417,4599.01,7.5
10,0,2,31807,7034177,4557.02,6.98
10,0,3,32749,6397975,4527.59,7.23
10,0,4,36657,7707414,5011.16,7.32
10,0,5,32943,6967993,4571.5,7.21
10,0,6,34932,7306852,4758.44,7.34
10,0,7,33172,6900653,4863.53,6.82
10,0,8,32370,6504866,4512.12,7.17
10,0,9,35262,7162736,4647.27,7.59
10,0,10,36141,7318684,4825.2,7.49
10,0,11,34439,7681648,4662.05,7.39
10,0,12,35756,7232255,4538.07,7.88
10,0,13,38342,7717323,4543.9,8.44
10,0,14,35132,7055505,4554.12,7.71
10,0,15,35305,7318025,4962.23,7.11
10,0,16,34563,6958210,4743.83,7.29
10,0,17,37351,6542114,5051.76,7.39
10,0,18,35511,7187710,5086.86,6.98
10,0,19,34843,7229476,5364.56,6.5
10,0,20,36486,7459637,4601.27,7.93
10,1,1,538670,123940200,132961.48,4.05
10,1,2,554157,127843371,80635.56,6.87
10,1,3,527416,114223177,82535.14,6.39
10,1,4,544607,118192732,80547.78,6.76
10,1,5,543662,120857180,82219.64,6.61
10,1,6,511097,115354873,82636.1,6.18
10,1,7,568740,130031758,84486.06,6.73
10,1,8,532069,121816821,83704.14,6.36
10,1,9,576438,129876655,80866.53,7.13
10,1,10,593097,126385182,79800.73,7.43
10,1,11,549817,125180915,79791.88,6.89
10,2,1,409789,93864666,103380.71,3.96
10,2,2,420757,93346597,156666.63,2.69
10,2,3,409080,84270328,98572.7,4.15
10,2,4,357986,88178788,59180.05,6.05
10,2,5,389470,83765488,98977.57,3.93
10,2,6,432840,98554666,59842.41,7.23
10,2,7,404568,90208067,62622.59,6.46
10,2,8,388460,86878693,60369.44,6.43
10,2,9,415620,88567044,166851.82,2.49
10,2,10,402067,84936020,100768.91,3.99
10,2,11,416720,92737411,136197.46,3.06
10,2,12,404627,89662265,61368.62,6.59
10,3,1,350992,78434117,95050.72,3.69
10,3,2,337083,75240391,148471.62,2.27
10,3,3,350705,80277820,91028.0,3.85
10,3,4,321589,80723942,51567.38,6.24
10,3,5,344191,80762249,52524.34,6.55
10,3,6,358084,67001850,91291.42,3.92
10,3,7,347047,75529512,51029.13,6.8
10,3,8,375030,83090206,54935.34,6.83
10,3,9,355569,82044642,53109.34,6.7
10,3,10,354481,82758581,92593.16,3.83
10,3,11,392802,85843556,160706.57,2.44
10,3,12,308676,76200877,90481.0,3.41
10,4,1,131648,27767646,20428.07,6.44
10,4,2,141161,29376959,63687.47,2.22
10,4,3,139892,31941994,62857.53,2.23
10,4,4,145490,31331326,73263.6,1.99
10,4,5,142842,30181948,21796.53,6.55
10,4,6,144688,32328947,21845.53,6.62
10,4,7,161176,35893866,58178.8,2.77
10,4,8,123089,30160027,20391.73,6.04
10,4,9,147527,31408483,20305.31,7.27
10,4,10,134449,30516650,20036.46,6.71
10,4,11,134364,29657131,20378.98,6.59
10,4,12,135266,30218003,20372.97,6.64
10,4,13,145815,33002312,58788.71,2.48
10,5,1,344137,74859130,92637.16,3.71
10,5,2,343850,76520474,52885.42,6.5
10,5,3,355084,74929777,91410.66,3.88
10,5,4,363421,80264872,54721.87,6.64
10,5,5,358038,80277217,53342.2,6.71
10,5,6,384553,84195606,55350.07,6.95
10,5,7,385655,84637482,95035.36,4.06
10,5,8,370505,82628019,120989.82,3.06
10,5,9,335983,82450020,94534.63,3.55
10,5,10,342465,79242302,129285.69,2.65
10,5,11,341533,65229239,55501.35,6.15
10,6,1,35765,6985254,5012.59,7.14
10,6,2,37296,7610857,5007.75,7.45
10,6,3,37378,7586868,5110.75,7.31
10,6,4,38749,8157006,6153.96,6.3
10,6,5,36138,7955954,5198.64,6.95
10,6,6,36421,7827848,4999.45,7.29
10,6,7,40569,8432217,6390.47,6.35
10,6,8,36584,7482187,5334.59,6.86
10,6,9,37350,7950821,5041.9,7.41
10,6,10,39231,7647897,5091.55,7.71
10,6,11,36738,8001747,5054.92,7.27
10,7,1,501021,110535278,113641.53,4.41
10,7,2,535709,113936027,179782.42,2.98
10,7,3,470610,106599783,147518.34,3.19
10,7,4,461190,101517317,72173.47,6.39
10,7,5,491716,109875829,70924.37,6.93
10,7,6,487640,122600607,70212.67,6.95
10,7,7,496501,103884094,70251.42,7.07
10,7,8,505706,107798927,71072.02,7.12
10,7,9,484310,105827712,73714.19,6.57
10,7,10,479879,106254323,74851.83,6.41
10,7,11,477818,94173287,72141.25,6.62
10,8,1,28165,5692150,4061.16,6.94
10,8,2,26822,5635834,39919.86,0.67
10,8,3,26747,5226887,3755.94,7.12
10,8,4,33888,6945684,3620.16,9.36
10,8,5,28895,6107034,3611.23,8.0
10,8,6,26468,5477145,3618.21,7.32
10,8,7,28196,5876088,3527.73,7.99
10,8,8,29140,5600637,3552.86,8.2
10,8,9,27105,5493090,3729.29,7.27
10,8,10,30959,6373474,3571.42,8.67
10,8,11,25823,5215715,3834.84,6.73
10,9,1,16765,3226549,2087.7,8.03
10,9,2,16631,3084805,2047.45,8.12
10,9,3,17799,3358231,2056.07,8.66
10,9,4,18460,3613858,2050.52,9.0
10,9,5,16891,3026494,2022.16,8.35
10,9,6,16598,2999599,2026.93,8.19
10,9,7,17169,3198408,2007.26,8.55
10,9,8,16012,3424842,2040.79,7.85
10,9,9,18567,3521861,2033.78,9.13
10,9,10,17200,3455013,2015.87,8.53
10,9,11,16319,2799742,2023.38,8.07
10,10,1,551786,109488632,83607.16,6.6
10,10,2,572198,122457023,84718.62,6.75
10,10,3,534958,123785992,88178.14,6.07
10,10,4,576768,129244458,87463.27,6.59
10,10,5,602077,128138953,84326.89,7.14
10,10,6,596998,140421955,84548.12,7.06
10,10,7,589427,122159351,83798.92,7.03
10,10,8,564265,135323011,87209.07,6.47
10,10,9,569073,137823116,82712.78,6.88
10,11,1,399087,85775422,59935.47,6.66
10,11,2,440084,98552642,60789.92,7.24
10,11,3,446540,101033993,62447.33,7.15
10,11,4,416183,88055502,62320.76,6.68
10,11,5,373025,86984626,63934.59,5.83
10,11,6,416930,93025171,61037.37,6.83
10,11,7,398076,88436637,59406.65,6.7
10,11,8,402764,95350709,60290.64,6.68
10,11,9,397050,90089819,60178.52,6.6
10,11,10,402891,88827751,60677.23,6.64
10,11,11,407225,91873284,59492.25,6.85
10,12,1,1436204,298538392,211166.76,6.8
10,12,2,1481422,339435161,215817.66,6.86
10,12,3,1353076,302350154,210147.07,6.44
10,13,1,578452,123480766,90201.81,6.41
10,13,2,544713,134780908,85979.31,6.34
10,13,3,540147,130037085,84582.82,6.39
10,13,4,594506,123182291,84751.1,7.01
10,13,5,619416,127849550,85855.44,7.21
10,13,6,579824,132030540,83897.64,6.91
10,14,1,108973,23005178,15991.55,6.81
10,14,2,99533,22453321,15111.35,6.59
10,14,3,113570,24251340,15520.71,7.32
10,14,4,104916,23123852,15128.1,6.94
10,14,5,109322,22663802,15625.64,7.0
10,14,6,109162,22582273,15235.05,7.17
10,14,7,104660,23880888,15363.38,6.81
10,14,8,105990,22635153,15112.08,7.01
10,14,9,104270,22130990,15144.43,6.89
10,14,10,105717,24350073,15395.57,6.87
10,14,11,101828,23285325,15470.1,6.58
10,15,1,59391,14066826,8720.79,6.81
10,15,2,59912,13094041,9293.1,6.45
10,15,3,58981,13359316,8585.11,6.87
10,15,4,56832,12863391,8572.31,6.63
10,15,5,66647,12398093,8658.79,7.7
10,15,6,60575,12821932,8596.28,7.05
10,15,7,66199,13690103,8712.12,7.6
10,15,8,62849,13536086,8845.71,7.11
10,15,9,62191,13220062,8729.6,7.12
10,15,10,58436,13417529,8665.35,6.74
10,15,11,61121,13482781,8524.45,7.17
10,16,1,141234,28709486,19903.48,7.1
10,16,2,137359,33177606,19045.48,7.21
10,16,3,133830,28938109,18869.56,7.09
10,16,4,129688,29385043,19434.28,6.67
10,16,5,128050,28069999,18950.78,6.76
10,16,6,128683,27159135,19216.94,6.7
10,16,7,159090,33717114,19289.11,8.25
10,16,8,134421,28339629,19198.95,7.0
10,16,9,133726,30020268,19565.79,6.83
10,16,10,146635,32230952,20126.58,7.29
10,16,11,144200,32272021,19313.84,7.47
10,17,1,57111,11805613,8168.12,6.99
10,17,2,57252,12428989,8915.72,6.42
10,17,3,63185,13256952,8182.38,7.72
10,17,4,61260,12979426,8111.84,7.55
10,17,5,59905,12978380,8206.38,7.3
10,17,6,58312,12403805,8108.23,7.19
10,17,7,58240,12191593,8044.58,7.24
10,17,8,61960,13310479,8283.46,7.48
10,17,9,55562,12948551,8419.43,6.6
10,17,10,63047,13579361,8210.04,7.68
10,17,11,62687,13220439,8245.77,7.6
10,18,1,7837,1406469,669.79,11.7
10,18,2,8321,1394029,744.33,11.18
10,18,3,8267,1346791,708.53,11.67
10,18,4,7878,1374925,657.07,11.99
10,18,5,8004,1410496,657.09,12.18
10,18,6,8185,1384386,644.64,12.7
10,18,7,7961,1327647,646.08,12.32
10,18,8,7766,1304978,635.39,12.22
10,18,9,8085,1404732,672.66,12.02
10,18,10,7726,1308598,648.29,11.92
10,18,11,8124,1463858,668.06,12.16
10,19,1,148412,32171307,22304.52,6.65
10,19,2,153095,37360715,22410.3,6.83
10,19,3,163633,35774369,22833.33,7.17
10,19,4,145562,35421619,23011.85,6.33
10,19,5,147385,31977419,21985.97,6.7
10,19,6,167848,36426339,22435.22,7.48
10,19,7,145797,33894703,22910.86,6.36
10,19,8,152810,38014485,22438.19,6.81
10,19,9,163170,32225154,21753.45,7.5
10,19,10,158527,36196379,21860.5,7.25
10,19,11,161441,35210339,22209.46,7.27
10,20,1,80532,18566131,11985.84,6.72
10,20,2,86511,18106146,11781.45,7.34
10,20,3,81106,18086092,11518.28,7.04
10,20,4,86091,19406202,12380.52,6.95
10,20,5,83582,18123471,11679.13,7.16
10,20,6,76744,16490351,11577.61,6.63
10,20,7,84244,17872424,11481.71,7.34
10,20,8,82098,18675256,11739.75,6.99
10,20,9,75707,16466003,12034.28,6.29
10,20,10,77155,16774804,11729.53,6.58
10,20,11,80772,18012836,11920.31,6.78
